Date,Return
2019-07-05,-0.0022931154243941
2019-07-08,-0.0039038381610445
2019-07-09,0.0016935423545807
2019-07-10,0.0069136612932768
2019-07-11,0.000887729463743
2019-07-12,0.0043820337424975
2019-07-15,0.0017103415333481
2019-07-16,-0.0028116563234367
2019-07-17,-0.0048498465220723
2019-07-18,0.0025095831895395
2019-07-19,-0.0066361296397976
2019-07-22,0.0025685194515982
2019-07-23,0.0069593059343425
2019-07-24,0.0028824655607021
2019-07-25,-0.0094048162681399
2019-07-26,0.0075507966789408
2019-07-29,-0.0002894291260584
2019-07-30,0.0001383810764876
2019-07-31,-0.0103554404675665
2019-08-01,-0.0066371963569478
2019-08-02,-0.0064907155831393
2019-08-05,-0.0286700838332577
2019-08-06,0.012262886178818
2019-08-07,0.0037194763032191
2019-08-08,0.0186505953721734
2019-08-09,-0.0067831846545982
2019-08-12,-0.0105002392084121
2019-08-13,0.0138007969654763
2019-08-14,-0.0281371356086012
2019-08-15,0.0043221307713767
2019-08-16,0.0140366116090941
2019-08-19,0.0137943220624346
2019-08-20,-0.007544980165533
2019-08-21,0.0066818483030675
2019-08-22,-0.000462583489547
2019-08-23,-0.0253802571129163
2019-08-26,0.0114306289836791
2019-08-27,-0.0030177266024258
2019-08-28,0.0054402745114045
2019-08-29,0.0129880065588138
2019-08-30,0.0004169547011938
2019-09-03,-0.0033434733247875
2019-09-04,0.009930183346268
2019-09-05,0.0111756589815077
2019-09-06,-0.0008382595544645
2019-09-09,0.0002457590849217
2019-09-10,-0.000130448902453
2019-09-11,0.0080721525823058
2019-09-12,0.0031879278494532
2019-09-13,-0.0021663360301562
2019-09-16,-0.0023231613620174
2019-09-17,0.0045824836869903
2019-09-18,0.0004921869668462
2019-09-19,0.0015166395938177
2019-09-20,-0.0054673635181594
2019-09-23,0.0001577566506096
2019-09-24,-0.0087415592219071
2019-09-25,0.0068862185162943
2019-09-26,-0.0003021680970165
2019-09-27,-0.0061668217542699
2019-09-30,0.0044397654012474
2019-10-01,-0.0098450219797647
2019-10-02,-0.0159910687845815
2019-10-03,0.008036460271685
2019-10-04,0.0118553745592075
2019-10-07,-0.0029466121208791
2019-10-08,-0.0131287574528795
2019-10-09,0.0090503101720036
2019-10-10,0.0053973429428095
2019-10-11,0.0088348173626992
2019-10-14,-0.0006119075743648
2019-10-15,0.00916759026846
2019-10-16,-0.0009015202432095
2019-10-17,0.0035097211701699
2019-10-18,-0.0045731097902996
2019-10-21,0.0067724046180474
2019-10-22,-0.003049047042955
2019-10-23,0.0042020860096886
2019-10-24,0.0063912006087738
2019-10-25,0.0047514073327722
2019-10-28,0.0028216485548414
2019-10-29,-0.0028082290981345
2019-10-30,0.0031471301561024
2019-10-31,-0.0012895492975882
2019-11-01,0.0073786883333095
2019-11-04,0.0031678370322766
2019-11-05,-0.0026544760501828
2019-11-06,0.0001193647590989
2019-11-07,0.0013378337005561
2019-11-08,0.001100096985349
2019-11-11,-0.001486123781548
2019-11-12,0.0023147142257551
2019-11-13,0.0013862484790496
2019-11-14,0.0028780539026009
2019-11-15,0.0057342956374037
2019-11-18,0.0019419841991862
2019-11-19,-0.0006944214958098
2019-11-20,-0.00260883201795
2019-11-21,-0.0022269243729982
2019-11-22,-0.000688310192702
2019-11-25,0.0070917103318647
2019-11-26,0.0024413096439241
2019-11-27,0.0046326649985945
2019-11-29,-0.0039179754101456
2019-12-02,-0.009002552447184
2019-12-03,-0.0043293462504774
2019-12-04,0.0058516895943747
2019-12-05,0.0011146832075413
2019-12-06,0.0081789433525126
2019-12-09,-0.0019535786650101
2019-12-10,-0.0005833025103815
2019-12-11,0.0027764049949578
2019-12-12,0.0049040722667041
2019-12-13,0.000619898083387
2019-12-16,0.0096534157200977
2019-12-17,-2.2332353826808072e-05
2019-12-18,0.0032083227493761
2019-12-19,0.0059104764173702
2019-12-20,0.0048108880167436
2019-12-23,0.0011313723098038
2019-12-24,0.0002693967003207
2019-12-26,0.0074380896274072
2019-12-27,4.012127959214904e-05
2019-12-30,-0.0063164702234007
2019-12-31,0.0034299804447178
2020-01-02,0.0070143646920624
2020-01-03,-0.004636393678283
2020-01-06,0.0053101458591736
2020-01-07,-0.0017971396959131
2020-01-08,0.0055264702004825
2020-01-09,0.0059680072559024
2020-01-10,-0.0012284095423238
2020-01-13,0.0108203487257056
2020-01-14,-0.002081503855193
2020-01-15,0.0026842599351341
2020-01-16,0.007411303147689
2020-01-17,0.0030991047005533
2020-01-21,0.0014058843590481
2020-01-22,0.0003179552930971
2020-01-23,0.0022813188092151
2020-01-24,-0.0075872802573689
2020-01-27,-0.0144483686219926
2020-01-28,0.009773089728192
2020-01-29,0.0019093156227858
2020-01-30,0.0045514068188302
2020-01-31,-0.0133799958288829
2020-02-03,0.0128699244964511
2020-02-04,0.0170233614095327
2020-02-05,0.0015414249800667
2020-02-06,0.0047488150873893
2020-02-07,-0.0030530769834641
2020-02-10,0.0095278133832994
2020-02-11,0.0019025666425347
2020-02-12,0.0064093615758147
2020-02-13,0.0016162727475906
2020-02-14,0.0034892502095444
2020-02-18,0.0020639701320399
2020-02-19,0.0043085251004758
2020-02-20,-0.0033297930742936
2020-02-21,-0.0100141496432769
2020-02-24,-0.0323422583942091
2020-02-25,-0.0280882388203623
2020-02-26,-0.0041013302546358
2020-02-27,-0.0488450498160447
2020-02-28,-0.0088212379084091
2020-03-02,0.0482478164171097
2020-03-03,-0.0246407707225083
2020-03-04,0.0416906154184112
2020-03-05,-0.0307472656220603
2020-03-06,-0.0173638975085117
2020-03-09,-0.0775551371454892
2020-03-10,0.0480177036678852
2020-03-11,-0.0478075949336928
2020-03-12,-0.0963595351736777
2020-03-13,0.085838622323809
2020-03-16,-0.1213481039072456
2020-03-17,0.0592433302587929
2020-03-18,-0.0483081370915465
2020-03-19,0.0102880235190504
2020-03-20,-0.0408513461237775
2020-03-23,-0.0212761763985263
2020-03-24,0.093722329858968
2020-03-25,0.0089707382187827
2020-03-26,0.0543340294087978
2020-03-27,-0.0301030168837223
2020-03-30,0.0329588381471511
2020-03-31,-0.0097013033904787
2020-04-01,-0.0455606904792187
2020-04-02,0.0179366202388765
2020-04-03,-0.0133473456819458
2020-04-06,0.0695991970139549
2020-04-07,0.0027291527716519
2020-04-08,0.0321498641226564
2020-04-09,0.0147465503358934
2020-04-13,0.0021681180003735
2020-04-14,0.0355191214290391
2020-04-15,-0.0161717638167058
2020-04-16,0.0085796873815421
2020-04-17,0.020653190961367
2020-04-20,-0.0168233513015963
2020-04-21,-0.0321002125882525
2020-04-22,0.0277379689576619
2020-04-23,0.0003253523486045
2020-04-24,0.0135721050462371
2020-04-27,0.0131320683129446
2020-04-28,-0.008492978985424
2020-04-29,0.029933188662669
2020-04-30,-0.0026697106049018
2020-05-01,-0.0316093337553549
2020-05-04,0.0100707538623898
2020-05-05,0.0076643119932381
2020-05-06,-0.0039900854503749
2020-05-07,0.0112018297879366
2020-05-08,0.0183347518497305
2020-05-11,0.0016489687864984
2020-05-12,-0.0192148185367719
2020-05-13,-0.0161179423762986
2020-05-14,0.0107420642236632
2020-05-15,0.0066361535804463
2020-05-18,0.0283706169205917
2020-05-19,-0.0076760535327022
2020-05-20,0.0190624471130639
2020-05-21,-0.0070033438479352
2020-05-22,0.0035419551521415
2020-05-26,0.0079396138516659
2020-05-27,0.0092679271567737
2020-05-28,-0.0019029086909072
2020-05-29,0.0067997666054087
2020-06-01,0.0096616193015796
2020-06-02,0.0065520670354349
2020-06-03,0.0098999193091918
2020-06-04,-0.0062232586774777
2020-06-05,0.0242573754337438
2020-06-08,0.0148488518341092
2020-06-09,-0.001589422729766
2020-06-10,0.0022325139904119
2020-06-11,-0.0547289995882095
2020-06-12,0.0092281218758031
2020-06-15,0.0123453384079037
2020-06-16,0.0161240057706561
2020-06-17,-0.0017704682125652
2020-06-18,0.0007625209393835
2020-06-19,-0.0040821095788977
2020-06-22,0.0079588789031534
2020-06-23,0.0054597682254172
2020-06-24,-0.0245328728352388
2020-06-25,0.0101692374954595
2020-06-26,-0.0283837910980174
2020-06-29,0.0167680123911945
2020-06-30,0.0179316549076589
2020-07-01,0.0122019746338995
2020-07-02,0.0074691877734296
2020-07-06,0.0232780252763064
2020-07-07,-0.0079076294008436
2020-07-08,0.0084399903819239
2020-07-09,-0.0007330061301995
2020-07-10,0.0137101080390776
2020-07-13,-0.0127094387324109
2020-07-14,0.012554541741935
2020-07-15,0.0051756497068761
2020-07-16,-0.0040589597694044
2020-07-17,0.0020351126207961
2020-07-20,0.0158208655421803
2020-07-21,-0.0021646867687292
2020-07-22,0.0050178762465412
2020-07-23,-0.0179299558342222
2020-07-24,-0.0061563958430231
2020-07-27,0.0115481616307112
2020-07-28,-0.0090231873172555
2020-07-29,0.0121203285101112
2020-07-30,-0.0022522255097485
2020-07-31,0.0114506630876244
2020-08-03,0.0061830246644852
2020-08-04,0.0049411282966
2020-08-05,0.0050795068277422
2020-08-06,0.0101395221328451
2020-08-07,-0.0011666349048761
2020-08-10,0.0011497614674705
2020-08-11,-0.0130466072607013
2020-08-12,0.0207099094846384
2020-08-13,0.0010315123680954
2020-08-14,0.0005804184673406
2020-08-17,0.0097057511813654
2020-08-18,0.0061951033179118
2020-08-19,-0.0057053317495672
2020-08-20,0.0075046796764264
2020-08-21,0.0052750158546533
2020-08-24,0.0091391859018476
2020-08-25,0.0042304735846326
2020-08-26,0.0149170796401701
2020-08-27,0.0002716721568902
2020-08-28,0.0064510380917727
2020-08-31,0.0035817984330299
2020-09-01,0.0074771256988509
2020-09-02,0.0136699208338405
2020-09-03,-0.0390755575826736
2020-09-04,-0.0091127083386251
2020-09-08,-0.0372642293155941
2020-09-09,0.0245992517218755
2020-09-10,-0.0179417448697875
2020-09-11,-0.0014374925373751
2020-09-14,0.0159657973951925
2020-09-15,0.0098348134995872
2020-09-16,-0.0080793499889929
2020-09-17,-0.0120475909992079
2020-09-18,-0.0119081803693066
2020-09-21,-0.0089992683422998
2020-09-22,0.0116181794403211
2020-09-23,-0.0287992417645633
2020-09-24,0.0054755916465244
2020-09-25,0.0177776860423985
2020-09-28,0.0160522858746454
2020-09-29,-0.0042868098163053
2020-09-30,0.0084435385938657
2020-10-01,0.0077345311845401
2020-10-02,-0.0115900339256671
2020-10-05,0.0185532484962758
2020-10-06,-0.0142366163850644
2020-10-07,0.0154929015827556
2020-10-08,0.0092841978818494
2020-10-09,0.0082405920537575
2020-10-12,0.0193953710827728
2020-10-13,-0.0054683144596903
2020-10-14,-0.0055922308385887
2020-10-15,-0.0029590923699921
2020-10-16,-0.0013459952737178
2020-10-19,-0.0163194642327563
2020-10-20,0.0054574143074698
2020-10-21,-0.0002750898467552
2020-10-22,0.0053327413450724
2020-10-23,0.0047417599611379
2020-10-26,-0.0173616655718818
2020-10-27,0.0004347405011464
2020-10-28,-0.0367198496960181
2020-10-29,0.0139318390090704
2020-10-30,-0.0141306824560628
2020-11-02,0.0128037001787897
2020-11-03,0.0180698146608812
2020-11-04,0.0221054784899352
2020-11-05,0.0189813851369086
2020-11-06,-0.0010743742005902
2020-11-09,0.0074842394546009
2020-11-10,-0.001724373675313
2020-11-11,0.0083907215483976
2020-11-12,-0.0098266908795963
2020-11-13,0.0126185177474911
2020-11-16,0.0119736881780935
2020-11-17,-0.0037948429840735
2020-11-18,-0.0096370173163012
2020-11-19,0.0039561314558477
2020-11-20,-0.0071489819119901
2020-11-23,0.0061404120446652
2020-11-24,0.0164383929308724
2020-11-25,0.0004789297617295
2020-11-27,0.0023765706864024
2020-11-30,-0.0074311544772358
2020-12-01,0.0120414933871734
2020-12-02,0.0015618491952924
2020-12-03,-0.0007290329197717
2020-12-04,0.0068060732936358
2020-12-07,0.0001755419351468
2020-12-08,0.0019119586433314
2020-12-09,-0.0105420103151096
2020-12-10,0.000105560464056
2020-12-11,-0.0015281141295715
2020-12-14,-0.0036379274854059
2020-12-15,0.0124834385051268
2020-12-16,0.0001441135011915
2020-12-17,0.0057753727172006
2020-12-18,-0.0033307573929145
2020-12-21,-0.0052531752147981
2020-12-22,-0.0031935194657785
2020-12-23,0.0007172484169478
2020-12-24,0.0037995660026566
2020-12-28,0.0091900874458233
2020-12-29,-0.0020781906817439
2020-12-30,0.0020220116391792
2020-12-31,0.0054756667306139
2021-01-04,-0.0139932160567058
2021-01-05,0.0080374562870261
2021-01-06,0.005126850993846
2021-01-07,0.0138618550389247
2021-01-08,0.0065238189742684
2021-01-11,-0.0094931686076482
2021-01-12,0.0012324980741256
2021-01-13,0.0038024149728082
2021-01-14,-0.0039503452237109
2021-01-15,-0.0052521075429672
2021-01-19,0.007802511609852
2021-01-20,0.0154804876635682
2021-01-21,2.9204475268796388e-05
2021-01-22,-0.0017036301040801
2021-01-25,0.0057393506491609
2021-01-26,-0.0005237546633931
2021-01-27,-0.0241467436299146
2021-01-28,0.0068246615700629
2021-01-29,-0.0189971426040814
2021-02-01,0.0163911031247433
2021-02-02,0.0132193042994354
2021-02-03,0.0033865461285842
2021-02-04,0.0079528762020759
2021-02-05,0.0054316367710168
2021-02-08,0.0069290705378513
2021-02-09,-0.0012137985665229
2021-02-10,0.0013728922532922
2021-02-11,-0.0001069584155258
2021-02-12,0.0031259165753412
2021-02-16,-0.0005314238431049
2021-02-17,0.0007932811446821
2021-02-18,-0.0042478949816948
2021-02-19,-0.0031493309011803
2021-02-22,-0.0087645765406531
2021-02-23,0.0021049318812499
2021-02-24,0.0086886522376267
2021-02-25,-0.0246872220872427
2021-02-26,-0.0058399612164624
2021-03-01,0.02264995348907
2021-03-02,-0.0086357430896753
2021-03-03,-0.0137631104331213
2021-03-04,-0.0093325168213332
2021-03-05,0.017872897189518
2021-03-08,-0.0070751190644776
2021-03-09,0.0181331197819684
2021-03-10,0.0065792672026582
2021-03-11,0.0117081048960255
2021-03-12,0.0015630325043297
2021-03-15,0.0071371705792428
2021-03-16,-0.001111957972697
2021-03-17,0.003016175978853
2021-03-18,-0.016275031393898
2021-03-19,0.0009430854402473
2021-03-22,0.0079455061589126
2021-03-23,-0.0048250788836296
2021-03-24,-0.0068396130110195
2021-03-25,0.004579330192912
2021-03-26,0.0130766676742517
2021-03-29,0.002256573144192
2021-03-30,-0.0036973151265248
2021-03-31,0.0057475947709657
2021-04-01,0.0106723466009188
2021-04-05,0.0149613588754428
2021-04-06,-0.0004561710383918
2021-04-07,0.0019741862572777
2021-04-08,0.0033913966453574
2021-04-09,0.0058051984379798
2021-04-12,0.0027612951109492
2021-04-13,0.0059479131463942
2021-04-14,-0.0045162797098909
2021-04-15,0.0123770381235973
2021-04-16,0.0030268925406948
2021-04-19,-0.0054884895202739
2021-04-20,-0.0043758962738693
2021-04-21,0.0079897391033214
2021-04-22,-0.0108123797283004
2021-04-23,0.0102077988674126
2021-04-26,0.001870999083076
2021-04-27,-0.001570341002354
2021-04-28,0.0009237961361086
2021-04-29,0.0083336987775019
2021-04-30,-0.004719808679021
2021-05-03,0.0016751653965694
2021-05-04,-0.0069226795703546
2021-05-05,-0.0004889643667051
2021-05-06,0.0083452594534697
2021-05-07,0.007174160703437
2021-05-10,-0.0098666471152876
2021-05-11,-0.0085363035266163
2021-05-12,-0.0208874882684573
2021-05-13,0.0105167137853418
2021-05-14,0.0157186707418277
2021-05-17,-0.0012395998161482
2021-05-18,-0.0079822178740905
2021-05-19,-0.0036673434078609
2021-05-20,0.0109795773870843
2021-05-21,-0.000463739208782
2021-05-24,0.0111906975927756
2021-05-25,-0.0025115309177312
2021-05-26,0.0019956586456374
2021-05-27,-7.580182416988678e-05
2021-05-28,0.0021705745689583
2021-06-01,0.0018624612427004
2021-06-02,0.0025508614182613
2021-06-03,-0.0029018682812537
2021-06-04,0.0086132364285488
2021-06-07,0.0006172302992217
2021-06-08,-0.0003601362120395
2021-06-09,-0.0014095452174817
2021-06-10,0.0050977839510735
2021-06-11,0.0011408615804639
2021-06-14,0.0025712614200475
2021-06-15,-0.0019205231576407
2021-06-16,-0.0062350997906717
2021-06-17,0.0006390328759909
2021-06-18,-0.0142973271523723
2021-06-21,0.0139892974663254
2021-06-22,0.0049475527665184
2021-06-23,-0.00078235267617
2021-06-24,0.0048340958584
2021-06-25,0.0026653514852601
2021-06-28,0.0036671893695823
2021-06-29,-0.0016552655697914
2021-06-30,0.0012288739581252
2021-07-01,0.0057442101881201
2021-07-02,0.007025844955313
2021-07-06,-0.0015635093548245
2021-07-07,0.0028279447383456
2021-07-08,-0.0072948798738941
2021-07-09,0.0101942007972459
2021-07-12,0.0044026628857373
2021-07-13,-0.0048663597968501
2021-07-14,0.0002592278533311
2021-07-15,-0.0031050247811681
2021-07-16,-0.0071610451082893
2021-07-19,-0.0147123742992081
2021-07-20,0.013015712940655
2021-07-21,0.0068250714137117
2021-07-22,0.002021313377061
2021-07-23,0.010866568453373
2021-07-26,0.0035724199910922
2021-07-27,-0.0036020993270748
2021-07-28,0.0005817757187363
2021-07-29,0.0028420717550857
2021-07-30,-0.0068985599451287
2021-08-02,-0.000765536301868
2021-08-03,0.0076228185042517
2021-08-04,-0.0049513639157465
2021-08-05,0.0067563943601332
2021-08-06,0.0008323614158093
2021-08-09,-0.0006407278381224
2021-08-10,0.0015336068767385
2021-08-11,0.0028785043284586
2021-08-12,0.0036014896893648
2021-08-13,0.0021066994088067
2021-08-16,0.001239367425996
2021-08-17,-0.0069085549221682
2021-08-18,-0.0103365763397949
2021-08-19,0.000795046214045
2021-08-20,0.0088202036756191
2021-08-23,0.0087323880435773
2021-08-24,0.0010218989169031
2021-08-25,0.0022384580402259
2021-08-26,-0.0055338829115503
2021-08-27,0.0092632315768699
2021-08-30,0.0055376544619925
2021-08-31,-0.000445556045247
2021-09-01,0.0021962710613102
2021-09-02,0.003360028390478
2021-09-03,-0.0009308593858545
2021-09-07,-0.0037419886910185
2021-09-08,3.6859414798970976e-05
2021-09-09,-0.0053983683915556
2021-09-10,-0.0080694305334248
2021-09-13,0.0027736454892842
2021-09-14,-0.0045332561865502
2021-09-15,0.0079188825999896
2021-09-16,-0.0027462714205897
2021-09-17,-0.0099345616476795
2021-09-20,-0.0173848576955387
2021-09-21,5.546100144821999e-05
2021-09-22,0.0081171599114499
2021-09-23,0.0093764480951002
2021-09-24,0.00169226608611
2021-09-27,-0.0026039577817887
2021-09-28,-0.0190812583978599
2021-09-29,0.0023713801310655
2021-09-30,-0.0110609597005484
2021-10-01,0.01003134240497
2021-10-04,-0.0107227709817582
2021-10-05,0.0089568251380233
2021-10-06,0.0054848217785597
2021-10-07,0.0070516625909572
2021-10-08,-0.0021370328174706
2021-10-11,-0.0059823106370916
2021-10-12,-0.0004670112445259
2021-10-13,0.004678593853724
2021-10-14,0.0158674145304529
2021-10-15,0.0062168936521443
2021-10-18,0.0042936925283404
2021-10-19,0.0064372715650864
2021-10-20,0.0047758627681092
2021-10-21,0.0035166839561115
2021-10-22,-0.0021908676087799
2021-10-25,0.008760351181278
2021-10-26,0.0032769232650975
2021-10-27,-0.0022970194272879
2021-10-28,0.0106596153981627
2021-10-29,0.0019387967794651
2021-11-01,0.0045507745833257
2021-11-02,0.0029771392113224
2021-11-03,0.0071377296151712
2021-11-04,0.0060190833400178
2021-11-05,0.004383649699746
2021-11-08,-0.0018443970598396
2021-11-09,-0.0038266305160612
2021-11-10,-0.007612708128277
2021-11-11,0.0002523892238671
2021-11-12,0.0062325361852661
2021-11-15,0.0015800468097495
2021-11-16,0.0015973963959847
2021-11-17,-0.000841561705152
2021-11-18,0.0052344070408976
2021-11-19,0.0008231980086104
2021-11-22,-0.002493165142959
2021-11-23,0.0006087329403787
2021-11-24,0.0028741301341561
2021-11-26,-0.0223916617432848
2021-11-29,0.0140515327442005
2021-11-30,-0.0192937857566364
2021-12-01,-0.0125910345023055
2021-12-02,0.0127456297014436
2021-12-03,-0.0084389065817733
2021-12-06,0.012709334453143
2021-12-07,0.0202364112565293
2021-12-08,0.0036516778707504
2021-12-09,-0.0080038565655451
2021-12-10,0.0078167960640533
2021-12-13,-0.0074863317646215
2021-12-14,-0.006330976624036
2021-12-15,0.0162778324509933
2021-12-16,-0.0093098251517937
2021-12-17,-0.0100293436981942
2021-12-20,-0.0102747772427551
2021-12-21,0.0157641014973097
2021-12-22,0.0108088164096019
2021-12-23,0.0069304831087344
2021-12-27,0.0139604475076979
2021-12-28,0.000594188319602
2021-12-29,0.0009189224370325
2021-12-30,-0.0021185734819958
2021-12-31,-0.0027589312268952
2022-01-03,0.0076131376970142
2022-01-04,-0.0021853542638315
2022-01-05,-0.0187111109887066
2022-01-06,-0.0019103252162373
2022-01-07,-0.0026173950785718
2022-01-10,-0.0022408912451951
2022-01-11,0.0078346401537674
2022-01-12,0.0038610968671329
2022-01-13,-0.013256220916111
2022-01-14,0.0013648285124367
2022-01-18,-0.0166589651284572
2022-01-19,-0.0073248030770824
2022-01-20,-0.0097969017977134
2022-01-21,-0.0178424450125794
2022-01-24,0.0014851654349794
2022-01-25,-0.0120432886006483
2022-01-26,-0.0033110947269138
2022-01-27,-0.0043993078863306
2022-01-28,0.0217998264280625
2022-01-31,0.0193611231524596
2022-02-01,0.0052957075837083
2022-02-02,0.0111970653472268
2022-02-03,-0.0286388748101621
2022-02-04,0.0052412556097193
2022-02-07,-0.0041513568266381
2022-02-08,0.0059411841880504
2022-02-09,0.0136461048354033
2022-02-10,-0.0177956548258031
2022-02-11,-0.0162953509658257
2022-02-14,-0.00392383205549
2022-02-15,0.0127133128755395
2022-02-16,0.0017197252317366
2022-02-17,-0.0177349604939238
2022-02-18,-0.0066509479320338
2022-02-22,-0.0100837705389278
2022-02-23,-0.0171440465535641
2022-02-24,0.0131681687169524
2022-02-25,0.0238902722230257
2022-02-28,0.0003933700430876
2022-03-01,-0.0124131595613777
2022-03-02,0.0169431165636144
2022-03-03,-0.0025933913336464
2022-03-04,-0.0026770418602225
2022-03-07,-0.0241752674091428
2022-03-08,-0.0071500194801041
2022-03-09,0.0203783504080333
2022-03-10,-0.0010659341153197
2022-03-11,-0.0130581759799031
2022-03-14,-0.0084460879917038
2022-03-15,0.0189753810464686
2022-03-16,0.0182345458935917
2022-03-17,0.0136957989240068
2022-03-18,0.0100708099493032
2022-03-21,0.0031573096752804
2022-03-22,0.010806132774031
2022-03-23,-0.0075290674271648
2022-03-24,0.013548379038442
2022-03-25,0.0074462728919404
2022-03-28,0.0060519382598137
2022-03-29,0.0109049610894974
2022-03-30,-0.0026721956933478
2022-03-31,-0.0128109183881358
2022-04-01,0.005819128547106
2022-04-04,0.0070634285192692
2022-04-05,-0.0102679848710058
2022-04-06,-0.0058291851468504
2022-04-07,0.0040526566127769
2022-04-08,-0.0001666062277693
2022-04-11,-0.0179443323059801
2022-04-12,-0.0007621514317848
2022-04-13,0.0113478269214253
2022-04-14,-0.0100900197755127
2022-04-18,0.0006599771319547
2022-04-19,0.0141152809477824
2022-04-20,-0.001051072700419
2022-04-21,-0.0162794340203662
2022-04-22,-0.0250017350514288
2022-04-25,0.001944529988993
2022-04-26,-0.0250756725951707
2022-04-27,0.0007616090846491
2022-04-28,0.0261164394193395
2022-04-29,-0.0357129508910068
2022-05-02,0.0049526821218359
2022-05-03,0.0060752354475912
2022-05-04,0.0300352854183619
2022-05-05,-0.0331005237759553
2022-05-06,-0.0025769292018456
2022-05-09,-0.0332530237299243
2022-05-10,0.0004362818489535
2022-05-11,-0.0127142125820999
2022-05-12,-0.0019210153760315
2022-05-13,0.0245080059262966
2022-05-16,-0.0027337852565499
2022-05-17,0.017983327546542
2022-05-18,-0.0394103601140509
2022-05-19,-0.0053401277810245
2022-05-20,-0.0010719702434925
2022-05-23,0.0185674979829757
2022-05-24,-0.0067242528864364
2022-05-25,0.00896304238709
2022-05-26,0.0185599001447993
2022-05-27,0.0246514111525877
2022-05-31,-0.0059893797730474
2022-06-01,-0.0065057803113906
2022-06-02,0.0187126677940708
2022-06-03,-0.0156029235736929
2022-06-06,0.003953893619163
2022-06-07,0.0095774371792695
2022-06-08,-0.0105919030001196
2022-06-09,-0.0240286151761109
2022-06-10,-0.0264023594666214
2022-06-13,-0.0409926044167285
2022-06-14,-0.0049101398214118
2022-06-15,0.0134530253003744
2022-06-16,-0.0318192547709809
2022-06-17,-0.0004993394395278
2022-06-21,0.0254516937110596
2022-06-22,-0.0022473606953133
2022-06-23,0.008832497452113
2022-06-24,0.0298756380209107
2022-06-27,-0.0018615497400129
2022-06-28,-0.0179244540584212
2022-06-29,-0.0016728294303101
2022-06-30,-0.0078527077191406
2022-07-01,0.0117725765876168
2022-07-05,-0.0011228682434634
2022-07-06,0.0035121441259541
2022-07-07,0.0147118162878621
2022-07-08,-0.0012477932365006
2022-07-11,-0.012341235347678
2022-07-12,-0.0083718371280982
2022-07-13,-0.003910508419728
2022-07-14,-0.0045441620121543
2022-07-15,0.0162924757027395
2022-07-18,-0.0055796282098326
2022-07-19,0.0262062661052132
2022-07-20,0.0055168777195759
2022-07-21,0.0089350756970944
2022-07-22,-0.0090319883711756
2022-07-25,0.0028658320096571
2022-07-26,-0.0113796146153945
2022-07-27,0.0255447245234248
2022-07-28,0.0139554489066263
2022-07-29,0.0162750120456448
2022-08-01,-0.0029137787706675
2022-08-02,-0.0060403051737665
2022-08-03,0.013257726671175
2022-08-04,-0.0011661400660607
2022-08-05,-0.0029592977359442
2022-08-08,-0.0001974603278671
2022-08-09,-0.0015834801747559
2022-08-10,0.0202399419648972
2022-08-11,0.0002137762448075
2022-08-12,0.0169613498482794
2022-08-15,0.0038967296817506
2022-08-16,0.0018415421178863
2022-08-17,-0.0066225940040858
2022-08-18,0.0030016630364014
2022-08-19,-0.0123617580166934
2022-08-22,-0.0195109305139044
2022-08-23,-0.0007237651668684
2022-08-24,0.0037081731256168
2022-08-25,0.0139536110279249
2022-08-26,-0.0316316759367832
2022-08-29,-0.005332196397027
2022-08-30,-0.0131079920770862
2022-08-31,-0.0064527707560436
2022-09-01,0.0018746731969295
2022-09-02,-0.0108696323869659
2022-09-06,-0.0034472426118881
2022-09-07,0.0184423339803875
2022-09-08,0.004789872900416
2022-09-09,0.0164277347551965
2022-09-12,0.0101878163722668
2022-09-13,-0.0436183497706237
2022-09-14,0.0036421526881549
2022-09-15,-0.0128893141193927
2022-09-16,-0.0072943586111749
2022-09-19,0.0079733346964433
2022-09-20,-0.0115977595932795
2022-09-21,-0.0164915971420713
2022-09-22,-0.0075675822940471
2022-09-23,-0.0192392272227765
2022-09-26,-0.0115716278704782
2022-09-27,-0.0039364433790513
2022-09-28,0.021065616721516
2022-09-29,-0.0234906405531993
2022-09-30,-0.0131758177123152
2022-10-03,0.0244806736570242
2022-10-04,0.0292612605582465
2022-10-05,-0.005072150888452
2022-10-06,-0.011207960305296
2022-10-07,-0.0284351154230977
2022-10-10,-0.0057435831764102
2022-10-11,-0.0063518271441143
2022-10-12,-0.0042885604629589
2022-10-13,0.0254302871203368
2022-10-14,-0.025631431235042
2022-10-17,0.0284744329746119
2022-10-18,0.0115204192534283
2022-10-19,-0.0058561547932109
2022-10-20,-0.009607111977198
2022-10-21,0.0219157315505665
2022-10-24,0.0096290809679937
2022-10-25,0.019735059388276
2022-10-26,-0.0118854830072563
2022-10-27,-0.0122704276005082
2022-10-28,0.0228187296531057
2022-10-31,-0.0085868682986327
2022-11-01,-0.0046307778190101
2022-11-02,-0.0260607683918806
2022-11-03,-0.0079366544625919
2022-11-04,0.0146805257528101
2022-11-07,0.0082722024039489
2022-11-08,0.0048432354789775
2022-11-09,-0.0201060267222934
2022-11-10,0.0587747715431087
2022-11-11,0.0106620656675058
2022-11-14,-0.0090718687255024
2022-11-15,0.0094706669693061
2022-11-16,-0.0081584311079154
2022-11-17,-0.0052960447104042
2022-11-18,0.0040958550496966
2022-11-21,-0.0051909418340719
2022-11-22,0.0135862538250671
2022-11-23,0.0083525511690207
2022-11-25,-0.0010526936195536
2022-11-28,-0.015340350793843
2022-11-29,-0.0016118475816531
2022-11-30,0.0339153581002553
2022-12-01,-0.0002201345165014
2022-12-02,-0.0003529755371638
2022-12-05,-0.017853563831218
2022-12-06,-0.0160189551150002
2022-12-07,-0.0026980983613335
2022-12-08,0.0075735097337987
2022-12-09,-0.0064673969626552
2022-12-12,0.0117818708255478
2022-12-13,0.0092559254301277
2022-12-14,-0.0062693350464006
2022-12-15,-0.0238623744138321
2022-12-16,-0.0115838134609615
2022-12-19,-0.0103973597245338
2022-12-20,-8.792499065914182e-05
2022-12-21,0.0142915177686155
2022-12-22,-0.0174684385066743
2022-12-23,0.0066648908420287
2022-12-27,-0.0080338555166822
2022-12-28,-0.0117120160234527
2022-12-29,0.0192818061755071
2022-12-30,-0.0024700690748584
2023-01-03,-0.0066668085732371
2023-01-04,0.0078991718732701
2023-01-05,-0.0129755317474668
2023-01-06,0.0236148263398364
2023-01-09,0.0028743496278887
2023-01-10,0.0070990564413402
2023-01-11,0.0150041277602395
2023-01-12,0.0046095282150074
2023-01-13,0.0043649105098541
2023-01-17,0.000100599029126
2023-01-18,-0.0164729663361777
2023-01-19,-0.0059517489903755
2023-01-20,0.0201259063282205
2023-01-23,0.013676627826409
2023-01-24,-0.0003585481762035
2023-01-25,-0.0012964316370495
2023-01-26,0.0156198495259898
2023-01-27,0.0078924143140371
2023-01-30,-0.0157431084220121
2023-01-31,0.0153411516022471
2023-02-01,0.0107609597370042
2023-02-02,0.0235131285180269
2023-02-03,-0.0130402752256177
2023-02-06,-0.0040886936315446
2023-02-07,0.013499556110654
2023-02-08,-0.0121473393703227
2023-02-09,-0.0097413161004155
2023-02-10,0.0017774650138445
2023-02-13,0.0109567758793224
2023-02-14,0.001890229730695
2023-02-15,0.0031848570609258
2023-02-16,-0.0153231042635963
2023-02-17,-0.0017683425487933
2023-02-21,-0.0197853345813683
2023-02-22,-0.0005195444682334
2023-02-23,0.0066782065245938
2023-02-24,-0.0106393014482602
2023-02-27,0.0042085985761004
2023-02-28,-0.0036028450226463
2023-03-01,-0.0051942736899789
2023-03-02,0.0077354312605207
2023-03-03,0.0175833942597561
2023-03-06,-0.0003514675626301
2023-03-07,-0.0151877684962616
2023-03-08,0.0014433083613617
2023-03-09,-0.0183743489435245
2023-03-10,-0.0140774399451396
2023-03-13,0.0014560706806865
2023-03-14,0.0189420475480613
2023-03-15,-0.0044256358547973
2023-03-16,0.0175214592174725
2023-03-17,-0.0116875074071487
2023-03-20,0.0087580285258716
2023-03-21,0.0138406021945101
2023-03-22,-0.0167561816057947
2023-03-23,0.0022888684290744
2023-03-24,0.0077236883507075
2023-03-27,0.0008466630168979
2023-03-28,-0.0016953481968596
2023-03-29,0.0145244800228462
2023-03-30,0.006248919765059
2023-03-31,0.015452711779966
2023-04-03,0.0028152348572084
2023-04-04,-0.0045105705819511
2023-04-05,-0.0018174717156863
2023-04-06,0.0046546366599052
2023-04-10,0.0004964007316094
2023-04-11,3.193186568068579e-06
2023-04-12,-0.0045763551381209
2023-04-13,0.0134320101007235
2023-04-14,-0.0030600498569608
2023-04-17,0.0028176432290988
2023-04-18,-0.0001466049176979
2023-04-19,0.0002884607029932
2023-04-20,-0.0074275244411565
2023-04-21,0.0017564778747698
2023-04-24,0.0014572637193016
2023-04-25,-0.0145652758433578
2023-04-26,-0.0048200055702516
2023-04-27,0.0227702537513632
2023-04-28,0.0070857992561435
2023-05-01,-0.0012415263815993
2023-05-02,-0.0115789740435899
2023-05-03,-0.0066939506056745
2023-05-04,-0.0052777071884875
2023-05-05,0.0177356258243387
2023-05-08,0.0003422326212013
2023-05-09,-0.0040406258559489
2023-05-10,0.0049941514650075
2023-05-11,-0.0004876978229931
2023-05-12,-0.0013406456285332
2023-05-15,0.0017887755035609
2023-05-16,-0.0070397235602232
2023-05-17,0.0111840412213481
2023-05-18,0.0081588960166433
2023-05-19,-0.0010045719489391
2023-05-22,0.0004628249685025
2023-05-23,-0.0097300712712764
2023-05-24,-0.0064368335833778
2023-05-25,0.0071487257202817
2023-05-26,0.0123776554691489
2023-05-30,0.0002328076724876
2023-05-31,-0.0044062014262034
2023-06-01,0.0096650553104202
2023-06-02,0.0156259026783975
2023-06-05,-0.0008680717044189
2023-06-06,0.0019260403904091
2023-06-07,-0.0019411300211235
2023-06-08,0.0062829421109246
2023-06-09,0.0004878999523069
2023-06-12,0.0074777820080313
2023-06-13,0.0072007816892666
2023-06-14,0.0007195779882914
2023-06-15,0.0118461100765037
2023-06-16,-0.0023044969914802
2023-06-20,-0.0044591694424215
2023-06-21,-0.0042423619155008
2023-06-22,0.0039394457864541
2023-06-23,-0.007908347866962
2023-06-26,-0.0041788595207437
2023-06-27,0.0102490870033848
2023-06-28,-0.0007409816620614
2023-06-29,0.0031129273827611
2023-06-30,0.0117067496666859
2023-07-03,0.0031455974269965
2023-07-05,-6.270626286576533e-05
2023-07-06,-0.0083303404780392
2023-07-07,-0.0026184008687497
2023-07-10,-0.0002568220567733
2023-07-11,0.0078100466451192
2023-07-12,0.0089653899671221
2023-07-13,0.0091213413544292
2023-07-14,-0.0009357519668502
2023-07-17,0.0015065308871407
2023-07-18,0.0054157579499405
2023-07-19,0.0033282176551692
2023-07-20,-0.0058912569025274
2023-07-21,0.0004743406952969
2023-07-24,0.0042337558400026
2023-07-25,0.0030496544261598
2023-07-26,0.0012720446017943
2023-07-27,-0.0072255797131999
2023-07-28,0.0108006886082888
2023-07-31,0.0013489557546834
2023-08-01,-0.0041757849108492
2023-08-02,-0.0121816800836678
2023-08-03,-0.0035079753266926
2023-08-04,-0.0040701224817184
2023-08-07,0.0082841144846926
2023-08-08,-0.0041305091255208
2023-08-09,-0.0061079750226463
2023-08-10,0.0001147752286076
2023-08-11,-0.0002697747457806
2023-08-14,0.0038591928022224
2023-08-15,-0.0122336010191484
2023-08-16,-0.0074428104425156
2023-08-17,-0.0073271421617852
2023-08-18,7.545175323875027e-05
2023-08-21,0.0059806515810258
2023-08-22,-0.002178056231068
2023-08-23,0.0104108059530837
2023-08-24,-0.0130422731628511
2023-08-25,0.006522669635937
2023-08-28,0.0059669522648332
2023-08-29,0.014578889012728
2023-08-30,0.0027822915977532
2023-08-31,-0.0019235929152867
2023-09-01,-6.448194002396353e-05
2023-09-05,-0.0038875958626785
2023-09-06,-0.0062595805330209
2023-09-07,-0.0003335365979018
2023-09-08,0.0019532585202698
2023-09-11,0.008766607951949
2023-09-12,-0.0050545266852152
2023-09-13,0.002602408275085
2023-09-14,0.0101524649719131
2023-09-15,-0.0117713575929677
2023-09-18,-6.916218892510234e-05
2023-09-19,-0.0026987736568233
2023-09-20,-0.0087411010370939
2023-09-21,-0.0165794353437498
2023-09-22,-0.0026045982670691
2023-09-25,0.0041118479916488
2023-09-26,-0.0154074399899804
2023-09-27,-0.001396970148427
2023-09-28,0.0041538100158558
2023-09-29,-0.0025902332777183
2023-10-02,-0.0037825929745609
2023-10-03,-0.0111868020697855
2023-10-04,0.0072246487774322
2023-10-05,-0.0024838287910765
2023-10-06,0.0114124448040454
2023-10-09,0.0072419121129525
2023-10-10,0.006067562259259
2023-10-11,0.0054050189462078
2023-10-12,-0.0075042642920172
2023-10-13,-0.0027395124800356
2023-10-16,0.0106980609330705
2023-10-17,-8.288841656792787e-05
2023-10-18,-0.0127192064240372
2023-10-19,-0.0098500118735562
2023-10-20,-0.0118613136135457
2023-10-23,-0.0018900802461132
2023-10-24,0.0083092626337686
2023-10-25,-0.0141776803746524
2023-10-26,-0.0103203533724826
2023-10-27,-0.0050977246076269
2023-10-30,0.0116198662457194
2023-10-31,0.0054956869221642
2023-11-01,0.0103373345627032
2023-11-02,0.0190870938512192
2023-11-03,0.0080113931356308
2023-11-06,0.0009031572624344
2023-11-07,0.0005337297391968
2023-11-08,-0.0005635727472715
2023-11-09,-0.0085383742210993
2023-11-10,0.014323787830403
2023-11-13,-0.0003428320817526
2023-11-14,0.0205720153765781
2023-11-15,0.0014523793486267
2023-11-16,-0.0003716166113815
2023-11-17,0.0019782749518636
2023-11-20,0.0061000993500612
2023-11-21,-0.0012606499459255
2023-11-22,0.0039167631965411
2023-11-24,0.0005813273046667
2023-11-27,-0.0015677181633506
2023-11-28,0.0027099701590168
2023-11-29,-0.0030494570984817
2023-11-30,0.0035541322418896
2023-12-01,0.005768091451245
2023-12-04,-0.0057180181893139
2023-12-05,-0.0014561843925576
2023-12-06,-0.0036601488858225
2023-12-07,0.0073465406373487
2023-12-08,0.0036239298385125
2023-12-11,0.0009733483416421
2023-12-12,0.0033908904906608
2023-12-13,0.0150327935129015
2023-12-14,0.00383289269897
2023-12-15,-0.0013839439925476
2023-12-18,0.005816221927081
2023-12-19,0.0065120018085585
2023-12-20,-0.0139372122866133
2023-12-21,0.0093187226058068
2023-12-22,0.0020754444423579
2023-12-26,0.004483630046851
2023-12-27,0.0018020898672651
2023-12-28,-0.0006059185884906
2023-12-29,-0.0031116500757075
2024-01-02,-0.0027686240075306
2024-01-03,-0.006189634883267
2024-01-04,-0.0042214354014099
2024-01-05,0.0013879732332935
2024-01-08,0.0122326474523338
2024-01-09,-0.0024884227842221
2024-01-10,0.0050882096518241
2024-01-11,-0.0020511266383616
2024-01-12,0.0015951105712693
2024-01-16,-0.0065998675183639
2024-01-17,-0.0061110447044213
2024-01-18,0.0061170767014317
2024-01-19,0.0095022256887074
2024-01-22,0.0011996648762626
2024-01-23,0.0031782886032629
2024-01-24,-0.0003522469031373
2024-01-25,0.005652574946391
2024-01-26,0.0010292771789623
2024-01-29,0.0077685563455767
2024-01-30,-0.0003357269413206
2024-01-31,-0.0162609770062378
2024-02-01,0.013143041160172
2024-02-02,0.0127868894677348
2024-02-05,-0.0068661792466334
2024-02-06,0.0039337644116474
2024-02-07,0.0070818576973836
2024-02-08,0.000709608736201
2024-02-09,0.0035730344497087
2024-02-12,0.0005240165214877
2024-02-13,-0.0139661072570182
2024-02-14,0.0080292400226776
2024-02-15,0.0097444509426525
2024-02-16,-0.0042888605190233
2024-02-20,-0.0047836693577427
2024-02-21,0.0035562919520638
2024-02-22,0.017000673157463
2024-02-23,-0.0001465952142217
2024-02-26,-0.0047473723908008
2024-02-27,0.0020825603275052
2024-02-28,-0.0010460343644335
2024-02-29,0.0044465891735713
2024-03-01,0.0063038645802475
2024-03-04,-0.0034410503582306
2024-03-05,-0.0092450190261737
2024-03-06,0.0038998634426716
2024-03-07,0.0100367081072395
2024-03-08,-0.0039864598939889
2024-03-11,0.0004400819402818
2024-03-12,0.0080955552423384
2024-03-13,-7.197229056867561e-05
2024-03-14,-0.0018531035392085
2024-03-15,-0.0050250483733003
2024-03-18,0.0078820400592574
2024-03-19,0.0055340926833298
2024-03-20,0.0081833294510159
2024-03-21,0.0009670049931951
2024-03-22,-0.0014114738948395
2024-03-25,-0.0019811534142477
2024-03-26,-0.0025431013464676
2024-03-27,0.0106010579261626
2024-03-28,0.0004802946260625
2024-04-01,-0.0015776714174096
2024-04-02,-0.0056026276221329
2024-04-03,0.0014438836522837
2024-04-04,-0.009200914563655
2024-04-05,0.0092243744937204
2024-04-08,0.0008740093931141
2024-04-09,0.0027175900872365
2024-04-10,-0.0094649251790965
2024-04-11,0.0067647552784306
2024-04-12,-0.0129993609365096
2024-04-15,-0.0125226847734282
2024-04-16,-0.0045235456577048
2024-04-17,-0.0030713351789692
2024-04-18,-0.0018033147369479
2024-04-19,-0.0048040725620442
2024-04-22,0.0071683125400786
2024-04-23,0.0100111068327777
2024-04-24,0.0033020119395076
2024-04-25,-0.0051962779687821
2024-04-26,0.0080257607146731
2024-04-29,0.0073778017829177
2024-04-30,-0.0171771588363039
2024-05-01,-0.0011095300676671
2024-05-02,0.008943790865299
2024-05-03,0.0117846123943577
2024-05-06,0.0084262757639866
2024-05-07,0.0027311319952799
2024-05-08,-0.0006628544184042
2024-05-09,0.00769178071132
2024-05-10,-0.0001103253929615
2024-05-13,-0.0001401071537446
2024-05-14,0.0044411477152914
2024-05-15,0.0092159011467114
2024-05-16,-0.0011446957950236
2024-05-17,0.0028188877728586
2024-05-20,-0.0012742188685955
2024-05-21,0.0039258947993361
2024-05-22,-0.0056617208065521
2024-05-23,-0.0104419751660372
2024-05-24,0.0070081914829757
2024-05-28,-0.0006764204069077
2024-05-29,-0.0080677239309916
2024-05-30,-0.0021180845527765
2024-05-31,0.0101027434134494
2024-06-03,-0.0012472123188998
2024-06-04,0.0009931307161105
2024-06-05,0.0078453955646231
2024-06-06,0.0009517662083427
2024-06-07,-0.0027261412817633
2024-06-10,0.0027535835819751
2024-06-11,0.0023118659869146
2024-06-12,0.0045717949034085
2024-06-13,0.0001514927645272
2024-06-14,-0.0017309041901784
2024-06-17,0.006865206070129
2024-06-18,8.618194269152842e-05
2024-06-20,0.0006811836124343
2024-06-21,-0.0002196457226991
2024-06-24,0.0024873423903995
2024-06-25,0.0018198308922586
2024-06-26,0.0019908083405478
2024-06-27,0.0018968182021817
2024-06-28,-0.0049999469038375
2024-07-01,0.0016721504600037
2024-07-02,0.0083977885516559
2024-07-03,0.0045029554858941
2024-07-05,0.006930190125704
2024-07-08,-0.0004987713119403
2024-07-09,0.0007773067129668
2024-07-10,0.0093313061893082
2024-07-11,-0.0056017934051053
2024-07-12,0.0053029020094301
2024-07-15,0.0014661429733316
2024-07-16,0.0074727001216142
2024-07-17,-0.0078883642327707
2024-07-18,-0.007128388418206
2024-07-19,-0.006137322882879
2024-07-22,0.0085257702609589
2024-07-23,-0.0021375686997674
2024-07-24,-0.0194772439604898
2024-07-25,-0.0033198920586432
2024-07-26,0.0111738259828651
2024-07-29,0.002276640943392
2024-07-30,-0.0019570740879042
2024-07-31,0.0114813906655722
2024-08-01,-0.0076117922246487
2024-08-02,-0.0156467456125803
2024-08-05,-0.028790481508884
2024-08-06,0.0095073408229062
2024-08-07,-0.0049661993850265
2024-08-08,0.0188557299649477
2024-08-09,0.0044635719321328
2024-08-12,-0.00102091476542
2024-08-13,0.0129171501598722
2024-08-14,0.0015888376872979
2024-08-15,0.0142699936705674
2024-08-16,0.0018314984053057
2024-08-19,0.0085208834892394
2024-08-20,-0.0023148000573546
2024-08-21,0.0043810549315931
2024-08-22,-0.0061625558155729
2024-08-23,0.0100124579513946
2024-08-26,-0.000278312681721
2024-08-27,-0.0010425144555339
2024-08-28,-0.0050807184306196
2024-08-29,0.0017313949397118
2024-08-30,0.0095085828954669
2024-09-03,-0.0152475906325101
2024-09-04,-0.0009493220383231
2024-09-05,-0.001530389687968
2024-09-06,-0.0155673510916515
2024-09-09,0.0102426406998613
2024-09-10,0.0035688275006618
2024-09-11,0.0057961532775001
2024-09-12,0.0081986795539227
2024-09-13,0.006354156094412
2024-09-16,0.0033204336297726
2024-09-17,0.0005241461722534
2024-09-18,-0.0023812640223507
2024-09-19,0.013109563256471
2024-09-20,0.0005570856280024
2024-09-23,0.004797171488545
2024-09-24,0.0013910457359143
2024-09-25,-0.0031745249707659
2024-09-26,0.0012285140072175
2024-09-27,0.0019823234538244
2024-09-30,0.0041290322265061
2024-10-01,-0.0039222656173595
2024-10-02,-0.0018274550959959
2024-10-03,-0.0032397829530896
2024-10-04,0.0072136428958555
2024-10-07,-0.0110702806690397
2024-10-08,0.0051909349083866
2024-10-09,0.0045729524931829
2024-10-10,-0.0021608838781139
2024-10-11,0.0057439911537234
2024-10-14,0.0065752198206338
2024-10-15,-0.0040308628035349
2024-10-16,0.0047632034427345
2024-10-17,-0.0017741836522022
2024-10-18,0.0037569322229719
2024-10-21,-0.004498329606553
2024-10-22,0.0003292463681217
2024-10-23,-0.0065225509675536
2024-10-24,0.0033151178118092
2024-10-25,-0.0018066845331212
2024-10-28,0.0030834776985432
2024-10-29,-0.0025254697897901
2024-10-30,-8.541430533361831e-05
2024-10-31,-0.0140806346874913
2024-11-01,0.0010901393330362
2024-11-04,-0.0019612007752613
2024-11-05,0.0111136022934494
2024-11-06,0.0170398007913174
2024-11-07,0.0074437732841532
2024-11-08,0.006450320257685
2024-11-11,0.0017311658516304
2024-11-12,-0.0052788677031753
2024-11-13,0.0016446610617158
2024-11-14,-0.0060570898581656
2024-11-15,-0.009676328926452
2024-11-18,0.0065024698790514
2024-11-19,0.0031004389980921
2024-11-20,0.0008502833047539
2024-11-21,0.0049076480717293
2024-11-22,0.0032962103666711
2024-11-25,0.004315763490652
2024-11-26,0.0063244708578499
2024-11-27,-0.0012892699690773
2024-11-29,0.0047066473167931
2024-12-02,-0.0007203178254701
2024-12-03,-0.0004452536690278
2024-12-04,0.0017752085646626
2024-12-05,-0.000943482757117
2024-12-06,-0.0002282304538702
2024-12-09,-0.0040368839744151
2024-12-10,-0.0011284711853921
2024-12-11,0.0045330851678025
2024-12-12,-0.0038410852690277
2024-12-13,-0.0026733224434564
2024-12-16,-1.2324179303135462e-05
2024-12-17,-0.0032147275037351
2024-12-18,-0.0288578505001801
2024-12-19,-0.0029384362742743
2024-12-20,0.0101459686458192
2024-12-23,0.0048851956187099
2024-12-24,0.009577230638407
2024-12-26,-0.0004960015953802
2024-12-27,-0.0086354902111511
2024-12-30,-0.0097444891602308
