date,Return
2012-11-20,0.0008560565237350921
2012-11-21,0.0030614003224003314
2012-11-23,0.0076476136790228095
2012-11-26,0.00824898747254516
2012-11-27,-0.0005976480962969043
2012-11-28,0.012987502287452171
2012-11-29,0.0078204745807471
2012-11-30,0.0006073301620238644
2012-12-03,-0.0007877848513919208
2012-12-04,-0.004243176019402216
2012-12-05,-0.013067523029209934
2012-12-06,0.00011093867554776663
2012-12-07,0.0018114547753718107
2012-12-10,0.004506334181808585
2012-12-11,0.013341613974965189
2012-12-12,-0.0027218524932949386
2012-12-13,-0.00466644404198181
2012-12-14,-0.006902352763265362
2012-12-17,0.012306797810355997
2012-12-18,0.010489580891694755
2012-12-19,-0.003110037575434216
2012-12-20,0.0015004900121840475
2012-12-21,-0.012823057357181469
2012-12-24,-0.0025592194289377284
2012-12-26,-0.011827071750168072
2012-12-27,-0.0014113531717885226
2012-12-28,-0.010802565617712376
2012-12-31,0.016173073295510685
2013-01-02,0.03064687646389052
2013-01-03,-0.00473255997495162
2013-01-04,0.004025870741577052
2013-01-07,-0.0008221705910803015
2013-01-08,-0.009730224815769866
2013-01-09,0.0036280366357500458
2013-01-10,0.0042668177201230775
2013-01-11,0.00038428613816870083
2013-01-14,-0.0036206568267939635
2013-01-15,-0.003794985254163773
2013-01-16,-0.002403108455824583
2013-01-17,0.005981237012517819
2013-01-18,-0.0030142573775462996
2013-01-22,0.007440656036052034
2013-01-23,0.01222223310033255
2013-01-24,0.009373738780191895
2013-01-25,0.010204028065638878
2013-01-28,0.004148120354348419
2013-01-29,-0.015164567634758508
2013-01-30,0.006170201037932919
2013-01-31,-0.007085011120669391
2013-02-01,0.00581926415194394
2013-02-04,-0.02273591246610758
2013-02-05,0.013540707622908762
2013-02-06,0.0035108888507697925
2013-02-07,-0.0015712181281528667
2013-02-08,0.005115691652233289
2013-02-11,-0.006822384118770321
2013-02-12,-0.006578594323893208
2013-02-13,0.012944877316188328
2013-02-14,0.003409375905185212
2013-02-15,-0.007875024025812359
2013-02-19,0.02054371498847028
2013-02-20,-0.014728378477611066
2013-02-21,-0.023209376558008997
2013-02-22,0.007640925231930552
2013-02-25,-0.017494838442509892
2013-02-26,0.002047187911926018
2013-02-27,0.009139514796665388
2013-02-28,0.0011656277656061946
2013-03-01,0.00555311474003255
2013-03-04,0.012808406667125882
2013-03-05,0.01210498160663649
2013-03-06,0.0005151090717668448
2013-03-07,0.009388890929960902
2013-03-08,-0.002027972360966633
2013-03-11,0.002367484571262564
2013-03-12,-0.001843112152208934
2013-03-13,-0.004462487056234496
2013-03-14,-0.012913528976405818
2013-03-15,-0.013627899158500208
2013-03-18,-0.006842722719037921
2013-03-19,-0.0014380012398097018
2013-03-20,0.004252956338415445
2013-03-21,-0.0072051688397246
2013-03-22,0.007900057536254336
2013-03-25,-0.0026419326105244167
2013-03-26,0.006710888948279872
2013-03-27,0.008754778241837798
2013-03-28,-0.002658066957087941
2013-04-01,0.017151572975845856
2013-04-02,0.004795383554387595
2013-04-03,-0.013686271257255148
2013-04-04,0.006725580132222624
2013-04-05,-0.006464307850776721
2013-04-08,0.0006004763848751684
2013-04-09,0.00068098677410258
2013-04-10,0.021847371972508804
2013-04-11,0.005308402593891172
2013-04-12,-0.0023824213692051773
2013-04-15,-0.017725154549240157
2013-04-16,0.019971478221035614
2013-04-17,-0.013374987807242469
2013-04-18,-0.0129951420997591
2013-04-19,0.013647454262239175
2013-04-22,0.012983443666453874
2013-04-23,0.00821302999328633
2013-04-24,0.005726794790091926
2013-04-25,0.009286636328420722
2013-04-26,-0.012296734723681105
2013-04-29,0.018153640426431583
2013-04-30,0.009163490992649157
2013-05-01,-0.011172535984809478
2013-05-02,0.019158925225969972
2013-05-03,0.005439215973117284
2013-05-06,0.013898055276730811
2013-05-07,-0.0171291063082855
2013-05-08,0.007246856065884576
2013-05-09,0.03350268560128872
2013-05-10,0.018090508567396888
2013-05-13,0.023800270522901592
2013-05-14,0.0010631443663581819
2013-05-15,0.008323691823228457
2013-05-16,0.007088077764020132
2013-05-17,0.00855768855083624
2013-05-20,-0.003294262547860292
2013-05-21,-0.0026289240203987542
2013-05-22,-0.014541733698480433
2013-05-23,0.00746970953114581
2013-05-24,0.0047792033228077945
2013-05-28,0.028598194797334858
2013-05-29,-0.013939687797718687
2013-05-30,0.005319557059696174
2013-05-31,-0.015153734003932448
2013-06-03,-0.005585982255937519
2013-06-04,-0.0021003953402159185
2013-06-05,-0.00669654418477051
2013-06-06,0.00800302706530812
2013-06-07,0.02208283001403955
2013-06-10,-0.0005084584295432473
2013-06-11,-0.021089907163488367
2013-06-12,-0.0008527294481651619
2013-06-13,0.009417688906692073
2013-06-14,-0.0012755317978002214
2013-06-17,0.01285298103140176
2013-06-18,0.006885508053706405
2013-06-19,-0.00023236310493180638
2013-06-20,-0.026579692243403643
2013-06-21,-0.0038326739941946524
2013-06-24,-0.004469445185957634
2013-06-25,0.0046346738364118085
2013-06-26,0.013095047002526007
2013-06-27,0.006875664251219711
2013-06-28,-0.0025111657685806224
2013-07-01,0.018561677820730135
2013-07-02,-0.001304167657899522
2013-07-03,-0.001224240822934806
2013-07-05,0.012830475634947606
2013-07-08,0.007029392473724218
2013-07-09,0.0052836283359602556
2013-07-10,0.0033540586340883977
2013-07-11,0.020138243052341957
2013-07-12,0.008904624691696825
2013-07-15,-0.0007109446975549726
2013-07-16,-0.02183989768482065
2013-07-17,0.013423223832787348
2013-07-18,-0.005751008900835028
2013-07-19,-0.02231059643098513
2013-07-22,0.008675151358486843
2013-07-23,-0.0041702332457235385
2013-07-24,-0.0020471198703867224
2013-07-25,0.001479123079130963
2013-07-26,0.010193564486210218
2013-07-29,0.008140220906239146
2013-07-30,0.0008430128694992245
2013-07-31,-0.0013602730597701434
2013-08-01,0.010759152375269537
2013-08-02,0.0085860466578203
2013-08-05,0.009382939998384418
2013-08-06,-0.01013873086104824
2013-08-07,-0.006698608572511912
2013-08-08,0.024922949731870266
2013-08-09,-0.004175430014137484
2013-08-12,-0.007785845108899833
2013-08-13,-0.009794794985785695
2013-08-14,-0.0041217371799855415
2013-08-15,-0.00750643521239308
2013-08-16,0.004339401889430403
2013-08-19,0.0014687284008611165
2013-08-20,0.008170775972393744
2013-08-21,-0.0035824676276382645
2013-08-22,0.017194036135829805
2013-08-23,0.023709286991594098
2013-08-26,0.0031119949880375874
2013-08-27,-0.018573228805638685
2013-08-28,0.0034888470858963376
2013-08-29,0.005888970441716176
2013-08-30,-0.0008365101963473899
2013-09-03,-0.002952697563774233
2013-09-04,0.004905931513853941
2013-09-05,0.002443990024212869
2013-09-06,0.0020488151484368555
2013-09-09,0.004740369253099833
2013-09-10,0.007820046276115272
2013-09-11,-0.002175035831339997
2013-09-12,0.0011278023387785345
2013-09-13,-0.0005805254388861032
2013-09-16,-0.00771961143624118
2013-09-17,0.014599938498397268
2013-09-18,0.010296539657177526
2013-09-19,0.013935671117056141
2013-09-20,0.005250356069295321
2013-09-23,-0.007570431794935144
2013-09-24,0.005454879838940453
2013-09-25,0.004367122100954187
2013-09-26,0.010038424815646471
2013-09-27,0.0043543964474431355
2013-09-30,-0.0044802858772415785
2013-10-01,0.009347791355111249
2013-10-02,-0.008332311044092142
2013-10-03,-0.017279968305345058
2013-10-04,0.017545429593469757
2013-10-07,-0.006900382746920275
2013-10-08,-0.02738503744739527
2013-10-09,-0.00971408863372785
2013-10-10,0.022054503325140962
2013-10-11,0.009494318017480567
2013-10-14,0.007693042105772278
2013-10-15,0.001720081447555771
2013-10-16,0.010862843641605996
2013-10-17,0.005960119501482914
2013-10-18,0.020349260453058557
2013-10-21,-0.006552214188263928
2013-10-22,-0.0020242436239361144
2013-10-23,-0.009099687509937202
2013-10-24,0.012921287140698201
2013-10-25,0.006506354069467123
2013-10-28,-0.012297869647833564
2013-10-29,0.0006848125557754717
2013-10-30,-0.005329214595493601
2013-10-31,0.004230521645336511
2013-11-01,-0.002245150936857814
2013-11-04,0.006442750428093213
2013-11-05,0.006275372685468104
2013-11-06,-0.02228526418754871
2013-11-07,-0.03107632745584908
2013-11-08,0.006854287571507017
2013-11-11,0.0027271342004159533
2013-11-12,-0.008222443653254488
2013-11-13,0.017649436050458087
2013-11-14,0.006971859642683905
2013-11-15,-0.0028980850163832744
2013-11-18,-0.0329321335959438
2013-11-19,0.005084385676590892
2013-11-20,-0.010418881024066164
2013-11-21,0.010410927535794841
2013-11-22,-0.0005563731600996117
2013-11-25,-0.00016510525637775152
2013-11-26,0.010351605822239096
2013-11-27,0.017409536103264088
2013-11-29,0.007835200124745987
2013-12-02,-0.006760921509980972
2013-12-03,0.023914109325406597
2013-12-04,0.0010719076259548892
2013-12-05,-0.0010620357480786479
2013-12-06,-0.004304441298862219
2013-12-09,0.008412472879335841
2013-12-10,0.006171536727822963
2013-12-11,-0.01270589078093448
2013-12-12,0.012626920205678124
2013-12-13,0.0011203578784888923
2013-12-16,0.007396991919355135
2013-12-17,0.005257075019319882
2013-12-18,0.0051283392813016365
2013-12-19,-0.011172308307402493
2013-12-20,0.01082700134190284
2013-12-23,0.0174908569616886
2013-12-24,0.006505290622179822
2013-12-26,0.0061486091773502475
2013-12-27,-0.013884674789714117
2013-12-30,-0.008114493478882026
2013-12-31,0.0074132452162288505
2014-01-02,-0.005753225229978441
2014-01-03,-0.007042805251227062
2014-01-06,0.005257666838220126
2014-01-07,0.009741372445460575
2014-01-08,0.00702196857960105
2014-01-09,-0.014350798362056508
2014-01-10,-0.00186532784315535
2014-01-13,-0.018330131459623845
2014-01-14,0.04065358924202537
2014-01-15,0.006310679385751136
2014-01-16,0.005181905856228892
2014-01-17,-0.007564169810006055
2014-01-21,0.018896255212611415
2014-01-22,-0.0013364501548316443
2014-01-23,-0.0010696340994933845
2014-01-24,-0.024672282020333548
2014-01-27,-0.012726752437835703
2014-01-28,0.007202945909957244
2014-01-29,-0.014346167177238732
2014-01-30,0.041348959444329814
2014-01-31,-0.0042592037421063
2014-02-03,-0.02646242812309883
2014-02-04,0.007856920149976444
2014-02-05,-0.006792879318568202
2014-02-06,0.012971350047531778
2014-02-07,0.022227262689049773
2014-02-10,0.009710311156914028
2014-02-11,0.010331575407364587
2014-02-12,-0.0064965723693813015
2014-02-13,0.019573749041439964
2014-02-14,0.002340049055522918
2014-02-18,0.00504780434244096
2014-02-19,-0.008802482571448979
2014-02-20,0.023756539216046847
2014-02-21,-0.004205071612923735
2014-02-24,0.015249905175191017
2014-02-25,0.02104720744897859
2014-02-26,0.0018646424971791174
2014-02-27,-0.0011354680166547593
2014-02-28,-0.005319667958077305
2014-03-03,-0.004582935849531952
2014-03-04,0.013928158552342269
2014-03-05,0.00954421598740565
2014-03-06,-0.0033658733343538316
2014-03-07,-0.008505920835445605
2014-03-10,-0.0031550478125216244
2014-03-11,-0.007103045069616636
2014-03-12,0.009576187859210997
2014-03-13,-0.016338436687602348
2014-03-14,-0.008672678312326236
2014-03-17,0.009813230782227594
2014-03-18,0.01712996291846803
2014-03-19,-0.010112846764387014
2014-03-20,-0.0017567670305459323
2014-03-21,-0.008680918421315287
2014-03-24,-0.02019332167131946
2014-03-25,0.0038043974098442004
2014-03-26,-0.030134535817779622
2014-03-27,-0.010839208851341271
2014-03-28,0.006445803464177544
2014-03-31,0.0016043333003395587
2014-04-01,0.025323264216297294
2014-04-02,-9.872679207154219e-05
2014-04-03,-0.011785467058068648
2014-04-04,-0.03734556449828681
2014-04-07,-0.006394725743674014
2014-04-08,0.01826833037505007
2014-04-09,0.01973144089609796
2014-04-10,-0.036701453024006694
2014-04-11,-0.009791395408777808
2014-04-14,0.0022625774053802337
2014-04-15,0.002907963671463367
2014-04-16,0.01533355095770055
2014-04-17,-0.008652224409837964
2014-04-21,0.01159031735767852
2014-04-22,0.019307130958585488
2014-04-23,-0.013947409974642661
2014-04-24,0.0010328796283430044
2014-04-25,-0.02380152304030707
2014-04-28,0.004323379396197133
2014-04-29,0.011700876518108085
2014-04-30,0.002866668354808181
2014-05-01,0.003306313798419882
2014-05-02,-0.001813216189178763
2014-05-05,0.009470619948762946
2014-05-06,-0.021999921302479526
2014-05-07,-0.0056179220763778815
2014-05-08,-0.01653762746258357
2014-05-09,0.0002779576562060402
2014-05-12,0.0195837976634133
2014-05-13,0.004285252951834212
2014-05-14,-0.004543607056922626
2014-05-15,-0.011626551886443988
2014-05-16,0.006523759181898752
2014-05-19,0.014087436110079921
2014-05-20,-0.005561402279968194
2014-05-21,0.013196030839166034
2014-05-22,0.00500867112294556
2014-05-23,0.009438307351907572
2014-05-27,0.017711057976168888
2014-05-28,-0.0021654714339301847
2014-05-29,0.005000435380559348
2014-05-30,-0.0013870159509021863
2014-06-02,-0.006289407326695482
2014-06-03,-0.0024873885514651297
2014-06-04,0.002929795133351285
2014-06-05,0.0073775686776881965
2014-06-06,0.0016541476084690082
2014-06-09,0.0009402191393979821
2014-06-10,0.005898895909184175
2014-06-11,0.001507147067025605
2014-06-12,-0.008870762027288325
2014-06-13,0.0042306990505989244
2014-06-16,0.014630273492055451
2014-06-17,0.00709689428567368
2014-06-18,0.0014096319736655871
2014-06-19,-0.006832508955644056
2014-06-20,-0.0006067963456714566
2014-06-23,0.006202008701128444
2014-06-24,-0.007304704867648488
2014-06-25,0.01069799326106581
2014-06-26,-0.003795771003610371
2014-06-27,0.00780231404805268
2014-06-30,0.00099494545035043
2014-07-01,0.0070532104114268725
2014-07-02,-0.010203130070199733
2014-07-03,0.002838006696672528
2014-07-07,-0.004808114317035847
2014-07-08,-0.013703554746312793
2014-07-09,0.01367442830800295
2014-07-10,-0.004802264483951147
2014-07-11,0.005615491752233426
2014-07-14,0.014715087124219742
2014-07-15,-0.007089403093642051
2014-07-16,0.005144915659947723
2014-07-17,-0.008683915685122516
2014-07-18,0.00714194318298768
2014-07-21,0.0027365497338600205
2014-07-22,0.0010172888553494502
2014-07-23,0.008387299042235213
2014-07-24,0.006709027242269876
2014-07-25,-0.001946831273818935
2014-07-28,8.077246189372558e-05
2014-07-29,-0.0037335603424520684
2014-07-30,0.006284606249510405
2014-07-31,-0.023192095476206792
2014-08-01,0.0066331550040583725
2014-08-04,0.008075952375512811
2014-08-05,-0.005484963320935519
2014-08-06,0.00441492385133907
2014-08-07,0.002679953293078069
2014-08-08,0.012933148942706155
2014-08-11,0.009849603734275137
2014-08-12,-3.875925711462878e-06
2014-08-13,0.009147351577582907
2014-08-14,0.0023301896572538107
2014-08-15,0.004120678090380785
2014-08-18,0.007346417385786242
2014-08-19,0.005821796031304176
2014-08-20,-0.003043556164217992
2014-08-21,-0.0005646909512263816
2014-08-22,0.0023524736641299137
2014-08-25,0.006095191546459105
2014-08-26,0.0019485115312954406
2014-08-27,-0.0015492924127506582
2014-08-28,-0.00016003150236013118
2014-08-29,0.008680243312704661
2014-09-02,0.009769658213297895
2014-09-03,-0.009087233240155685
2014-09-04,0.003944791882500698
2014-09-05,0.0015686705273398043
2014-09-08,0.0032960040463372057
2014-09-09,-0.007293811246407267
2014-09-10,0.009814407916571876
2014-09-11,0.00014064744366077187
2014-09-12,-0.0056667117229030365
2014-09-15,-0.024614650395344256
2014-09-16,0.01184006308608911
2014-09-17,0.0017842715473938143
2014-09-18,0.006764975810105929
2014-09-19,-0.0013922005362967565
2014-09-22,-0.012445872944199993
2014-09-23,0.0014974166740643056
2014-09-24,0.005141638777707875
2014-09-25,-0.02264108038774226
2014-09-26,0.011393022087756284
2014-09-29,-0.0018616667175193923
2014-09-30,-0.0008828469405210293
2014-10-01,-0.016114281401399623
2014-10-02,0.0088474792029956
2014-10-03,0.007645462585410868
2014-10-06,0.00330831836606615
2014-10-07,-0.013448846409838124
2014-10-08,0.01651765429027525
2014-10-09,-0.014807628956371824
2014-10-10,-0.032774989470588094
2014-10-13,-0.017151292973710798
2014-10-14,0.0025274545801509197
2014-10-15,-0.006072533210651626
2014-10-16,-0.00882727182186254
2014-10-17,0.013977005439886897
2014-10-20,0.014095683830817605
2014-10-21,0.021106639959209958
2014-10-22,-0.005212560166762878
2014-10-23,0.016637102435664592
2014-10-24,0.006902989790663975
2014-10-27,-0.009056202298920997
2014-10-28,0.02458538846171173
2014-10-29,-0.011688158091413022
2014-10-30,-0.003857542582719201
2014-10-31,0.013104673809920522
2014-11-03,0.0016431414087428099
2014-11-04,-8.277253306372406e-05
2014-11-05,-0.007190458587466192
2014-11-06,0.010893116950912338
2014-11-07,-0.0029280162114334782
2014-11-10,0.0028717017716741525
2014-11-11,0.004787860308055358
2014-11-12,4.633024519046081e-05
2014-11-13,0.005268365702414016
2014-11-14,0.009433820386886805
2014-11-17,-0.0066054393027708954
2014-11-18,0.007340429100008715
2014-11-19,-0.011842515477874958
2014-11-20,0.00800996624098974
2014-11-21,-0.003655382286753026
2014-11-24,0.0069009785183701605
2014-11-25,0.0024515629228456927
2014-11-26,0.010501921927801755
2014-11-28,-0.0012732498482546006
2014-12-01,-0.020644008064472755
2014-12-02,0.0003218608421900216
2014-12-03,0.0024015738614676678
2014-12-04,0.00032075715482348223
2014-12-05,-0.0016635242047975196
2014-12-08,-0.015356280946310906
2014-12-09,0.004233404204215346
2014-12-10,-0.017868625544346768
2014-12-11,0.004401627335508224
2014-12-12,-0.012751593782394363
2014-12-15,-0.008831742959080893
2014-12-16,-0.020314764185860097
2014-12-17,0.021732539903957022
2014-12-18,0.021977035841731947
2014-12-19,0.005604922187049112
2014-12-22,0.010570854589561357
2014-12-23,-0.0026139124649541164
2014-12-24,-0.0012250899829404588
2014-12-26,0.005437074507442266
2014-12-29,-0.0019602176275007946
2014-12-30,-0.00847574238317501
2014-12-31,-0.012423810876833818
2015-01-02,-0.0009273541000673329
2015-01-05,-0.01986007815965017
2015-01-06,-0.01168538560823025
2015-01-07,0.007234810502634822
2015-01-08,0.024878138251881232
2015-01-09,-0.005428850200816594
2015-01-12,-0.014418372179848465
2015-01-13,0.00034309423537070427
2015-01-14,-0.009024617751265927
2015-01-15,-0.014948475414527448
2015-01-16,0.010677560654250524
2015-01-20,0.007802000180333469
2015-01-21,0.006623846291296818
2015-01-22,0.01959883911432836
2015-01-23,0.0010591430902549943
2015-01-26,0.001120838070986341
2015-01-27,-0.03725825260960292
2015-01-28,-0.0018542802520753567
2015-01-29,0.019976898844788774
2015-01-30,-0.005718508450500471
2015-02-02,0.012765463255516456
2015-02-03,0.008557555768164702
2015-02-04,0.0023445914733536384
2015-02-05,0.011447756149965207
2015-02-06,-0.005464825799295418
2015-02-09,-0.001975088757466811
2015-02-10,0.013975329303388946
2015-02-11,0.006102182685835674
2015-02-12,0.017604806422204102
2015-02-13,0.005384667328385937
2015-02-17,-0.001016738656970439
2015-02-18,0.0007881762215195638
2015-02-19,0.008182370942543727
2015-02-20,0.007754676801906726
2015-02-23,0.00027038734082869824
2015-02-24,-0.00029702286397973365
2015-02-25,-0.0009000817058511525
2015-02-26,0.004414332696364215
2015-02-27,-0.009390179692986701
2015-03-02,0.010374058471139426
2015-03-03,-0.005866662999064402
2015-03-04,0.0010594724866326672
2015-03-05,0.003919113053602849
2015-03-06,-0.012373779238335799
2015-03-09,0.0006280696730091395
2015-03-10,-0.015491793357492756
2015-03-11,-0.006740761581307264
2015-03-12,0.011002153038945826
2015-03-13,-0.007033728634648357
2015-03-16,0.010045009785529876
2015-03-17,0.005301173053579344
2015-03-18,0.008237086388410215
2015-03-19,0.0029050090694662436
2015-03-20,0.006243625757550288
2015-03-23,-0.004027938652014328
2015-03-24,-0.000740779111514895
2015-03-25,-0.026285718790245008
2015-03-26,-0.002220502337796352
2015-03-27,0.0034269759696947963
2015-03-30,0.010020064633758912
2015-03-31,-0.012972791508142963
2015-04-01,-0.003648633897939128
2015-04-02,0.0014014156689979912
2015-04-06,0.012961487753328546
2015-04-07,-0.0020171272866508073
2015-04-08,0.005666951693415886
2015-04-09,0.00677171038000364
2015-04-10,0.003107160742227511
2015-04-13,-0.001057540058136311
2015-04-14,-0.0016780604016150098
2015-04-15,0.002119116173825983
2015-04-16,-0.001158459952629785
2015-04-17,-0.016671742486540058
2015-04-20,0.018209003610185973
2015-04-21,0.000746520722277477
2015-04-22,0.0076811074143508466
2015-04-23,-0.0007937007827814125
2015-04-24,0.024012804803890033
2015-04-27,4.567114748803967e-05
2015-04-28,-0.0015421645187091218
2015-04-29,-0.00574067779053749
2015-04-30,-0.01441955266811321
2015-05-01,0.012578518621150642
2015-05-04,-0.002107268777328426
2015-05-05,-0.015746892427041297
2015-05-06,-0.004652731753524185
2015-05-07,0.009352003363167905
2015-05-08,0.00039347864588479975
2015-05-11,-0.004413172972393374
2015-05-12,-0.0032985832201673443
2015-05-13,0.0010802300915070358
2015-05-14,0.017419884138572008
2015-05-15,-0.004883192891389769
2015-05-18,0.002549829995611829
2015-05-19,-0.0037505881129142847
2015-05-20,0.0010807043779091753
2015-05-21,0.005062166777081956
2015-05-22,-0.001103148970888959
2015-05-26,-0.01198304126230412
2015-05-27,0.020161662660135745
2015-05-28,0.00034722545592923555
2015-05-29,-0.005826422422485594
2015-06-01,0.004825952546241203
2015-06-02,-0.00438816218653508
2015-06-03,0.005310660081706221
2015-06-04,-0.004786406824017844
2015-06-05,0.0005950344828812836
2015-06-08,-0.00676931343150029
2015-06-09,0.0004752307484912956
2015-06-10,0.004442547874188389
2015-06-11,0.0016052178609920079
2015-06-12,-0.009917975252097082
2015-06-15,-0.005645886354759959
2015-06-16,0.007549950747654281
2015-06-17,0.0067187816422626875
2015-06-18,0.013501514321059498
2015-06-19,-0.004174258253647276
2015-06-22,0.0038774584096398067
2015-06-23,0.008131486319529759
2015-06-24,-0.004299566003872368
2015-06-25,-0.0013257168099138278
2015-06-26,-0.006928841711232222
2015-06-29,-0.022039317779333552
2015-06-30,0.006367091043238169
2015-07-01,0.007894256111598476
2015-07-02,0.0076689602915663525
2015-07-06,-0.003466166298553147
2015-07-07,-0.007422884604934015
2015-07-08,-0.022998240244186882
2015-07-09,0.0016292714491663097
2015-07-10,0.018415634280938037
2015-07-13,0.02002978223122864
2015-07-14,0.009171672358009064
2015-07-15,-0.0011811573795998474
2015-07-16,0.017823591516516645
2015-07-17,0.04079802705691947
2015-07-20,0.01223019786486652
2015-07-21,-0.009016705948530357
2015-07-22,-0.0096867925861166
2015-07-23,-0.010368732145568505
2015-07-24,0.008289428209545984
2015-07-27,-0.013963261208776277
2015-07-28,0.010785167968294589
2015-07-29,0.005426594130510469
2015-07-30,0.00390826218109015
2015-07-31,-0.0050320414744065645
2015-08-03,-0.002388303799772968
2015-08-04,0.003699050940080856
2015-08-05,0.011670300049733266
2015-08-06,-0.02474613331797893
2015-08-07,-0.006755074313819045
2015-08-10,0.003884352476113425
2015-08-11,-0.0011638673381031256
2015-08-12,0.003012259848021743
2015-08-13,5.5655633203766406e-05
2015-08-14,0.004272428129478328
2015-08-17,0.009453176926405052
2015-08-18,0.0030745072407260777
2015-08-19,-0.0057175378820223804
2015-08-20,-0.034977815449181444
2015-08-21,-0.04719536639698165
2015-08-24,-0.04513083597103782
2015-08-25,-0.005805773981209694
2015-08-26,0.05651393953401571
2015-08-27,0.035332385638802304
2015-08-28,0.004297845191226783
2015-08-31,-0.01078777595168947
2015-09-01,-0.03470241920228676
2015-09-02,0.030550528176923993
2015-09-03,-0.007358571015011772
2015-09-04,-0.013496102439779617
2015-09-08,0.028485205188734024
2015-09-09,-0.004862868038174506
2015-09-10,0.009557997530841135
2015-09-11,0.005823869865037483
2015-09-14,-0.0022996228688510903
2015-09-15,0.010414347377013357
2015-09-16,0.010095530257444954
2015-09-17,0.007130247465062506
2015-09-18,-0.006936627024829643
2015-09-21,0.01148293265993436
2015-09-22,-0.018203496270186248
2015-09-23,0.0017605346745089131
2015-09-24,0.004239520852132721
2015-09-25,-0.011927371425794557
2015-09-28,-0.02762836039888368
2015-09-29,-0.0054977384530830375
2015-09-30,0.02597004787893912
2015-10-01,-0.0012403677038626529
2015-10-02,0.022196124861655713
2015-10-05,0.017310773438972245
2015-10-06,-0.004663199716908472
2015-10-07,-0.003346631256774149
2015-10-08,-0.003041165010640083
2015-10-09,-0.0011199330701529534
2015-10-12,0.0037075334863922553
2015-10-13,0.0027522815853948004
2015-10-14,0.0011992266270227914
2015-10-15,0.01664805170197532
2015-10-16,0.01332194208059047
2015-10-19,0.004416304145377023
2015-10-20,-0.02009605613770902
2015-10-21,-0.009473278840898708
2015-10-22,0.019873461663556576
2015-10-23,0.041962422870811485
2015-10-26,0.010191983542581993
2015-10-27,-0.0007073696629002165
2015-10-28,0.007435959709300594
2015-10-29,-0.0023103038914377835
2015-10-30,-0.005227436637030284
2015-11-02,0.010930115989891022
2015-11-03,0.0007617280003600552
2015-11-04,0.004953559744991073
2015-11-05,0.009142141646028095
2015-11-06,0.020847164442237925
2015-11-09,-0.008403361625126173
2015-11-10,-0.0011673042955655936
2015-11-11,0.0043368208710710425
2015-11-12,-0.009139472578708887
2015-11-13,-0.022793113494515602
2015-11-16,0.012755320051951366
2015-11-17,-0.001578281862850073
2015-11-18,0.021714950494333005
2015-11-19,-0.0019275953675559976
2015-11-20,0.009818737941780897
2015-11-23,-0.0010054922066721405
2015-11-24,-0.0034215446857901576
2015-11-25,-0.0012315642249828972
2015-11-27,0.002367153482412276
2015-11-30,-0.0034359560179723792
2015-12-01,0.02097892142591503
2015-12-02,-0.006422557456759984
2015-12-03,-0.01351870326527076
2015-12-04,0.02221928999861741
2015-12-07,-0.007054231100478117
2015-12-08,0.0046597345923449825
2015-12-09,-0.017054901377079323
2015-12-10,0.0030835077144359345
2015-12-11,-0.022777565727427194
2015-12-14,0.015204401113764207
2015-12-15,0.0034856756558317966
2015-12-16,0.017348078874353506
2015-12-17,-0.010417799664943151
2015-12-18,-0.018557092273597565
2015-12-21,0.009846204506132028
2015-12-22,0.005435874515505358
2015-12-23,0.0033537939527937934
2015-12-24,-0.0002657981146540723
2015-12-28,0.007600767816417294
2015-12-29,0.015652860124097872
2015-12-30,-0.007221509696954312
2015-12-31,-0.014520791599092399
2016-01-04,-0.02511006271254636
2016-01-05,0.003399511967838061
2016-01-06,-0.01205700345356655
2016-01-07,-0.03573277744924413
2016-01-08,-0.008291345931066162
2016-01-11,0.004078444847039385
2016-01-12,0.0117866884446284
2016-01-13,-0.03600024510390288
2016-01-14,0.01590393601928947
2016-01-15,-0.036871530301567985
2016-01-19,0.003804463763118476
2016-01-20,-0.003029191856768778
2016-01-21,0.004003396477288237
2016-01-22,0.03023804297001359
2016-01-25,-0.009143961155116283
2016-01-26,0.006997384731164811
2016-01-27,-0.021804460076928434
2016-01-28,0.0454805780772229
2016-01-29,0.0162399269880722
2016-02-01,0.001958989949362202
2016-02-02,-0.020885883597846013
2016-02-03,-0.016169874110194108
2016-02-04,-0.0056236576528877705
2016-02-05,-0.04585247806054345
2016-02-08,-0.023266887049294534
2016-02-09,-0.001937876523893969
2016-02-10,0.007246357902300745
2016-02-11,0.0023981692644934687
2016-02-12,0.010776999782139663
2016-02-16,0.020596924620431133
2016-02-17,0.02408284738531613
2016-02-18,0.0025018271450629593
2016-02-19,0.006632549635271146
2016-02-22,0.0232499926519709
2016-02-23,-0.01425215283074853
2016-02-24,0.006510607679138216
2016-02-25,0.008820157395852499
2016-02-26,-0.00478589723917772
2016-02-29,-0.008065090262130318
2016-03-01,0.034287207437727424
2016-03-02,0.0025678163194150527
2016-03-03,-0.005788358783310272
2016-03-04,-0.0035226600402361243
2016-03-07,-0.014986662802946252
2016-03-08,-0.0036308585759713334
2016-03-09,0.009222403656045805
2016-03-10,-0.0015284908371112809
2016-03-11,0.017891513142546167
2016-03-14,0.00335516547375009
2016-03-15,0.002241817807864126
2016-03-16,0.010992497931244311
2016-03-17,-0.0047351428973818836
2016-03-18,5.591335080729178e-05
2016-03-21,0.004464401793620085
2016-03-22,0.001939808091886898
2016-03-23,0.0015938121850576728
2016-03-24,0.0033303837902183085
2016-03-28,-0.0006859114855352313
2016-03-29,0.01788170551149127
2016-03-30,0.003477615980811109
2016-03-31,-0.003686371174189901
2016-04-01,0.010278008239974611
2016-04-04,-0.009497110429032283
2016-04-05,-0.008572642263066657
2016-04-06,0.012895568538346452
2016-04-07,-0.010938269486942638
2016-04-08,-0.006840340956614723
2016-04-11,-0.0021124364218598254
2016-04-12,0.005725252062933581
2016-04-13,0.015160388326596955
2016-04-14,0.0013332781385695372
2016-04-15,0.00369348861829301
2016-04-18,0.006596484456949083
2016-04-19,-0.007865181617966049
2016-04-20,0.0012481478019042052
2016-04-21,0.0006718196322943495
2016-04-22,-0.02271874187737616
2016-04-25,0.0020288249772541507
2016-04-26,-0.008009064778660797
2016-04-27,-0.0017831506324280267
2016-04-28,-0.0031239557695759467
2016-04-29,0.008044307233392207
2016-05-02,0.012740427299390447
2016-05-03,-0.01629739782060653
2016-05-04,-0.009255181192773092
2016-05-05,-0.008881384447275377
2016-05-06,0.01298276843071163
2016-05-09,0.0008846755090239801
2016-05-10,0.01609964085596547
2016-05-11,-0.003283668067561714
2016-05-12,0.00029532084814840227
2016-05-13,0.017483240539550783
2016-05-16,0.008198606905999653
2016-05-17,-0.01293055060563806
2016-05-18,0.010553437287320697
2016-05-19,-0.0016380664055656185
2016-05-20,0.010464157688797441
2016-05-23,-0.008190055058178117
2016-05-24,0.017322983722324457
2016-05-25,0.004809991759968456
2016-05-26,0.008414626189798434
2016-05-27,0.0011661833780297953
2016-05-31,0.006146504182175992
2016-06-01,-0.000753372026849487
2016-06-02,0.0018042204370969533
2016-06-03,-0.007572014732332884
2016-06-06,0.0013784602420973185
2016-06-07,-0.0017203958422734068
2016-06-08,0.0034458947129226538
2016-06-09,-0.0008603564622609953
2016-06-10,-0.01978903196752016
2016-06-13,-0.00531469971621021
2016-06-14,0.0010395542421211025
2016-06-15,0.001116449872901721
2016-06-16,0.0009732168535420447
2016-06-17,-0.01360485369124174
2016-06-20,0.008960276792962659
2016-06-21,0.001979090351328439
2016-06-22,-0.018787721849052176
2016-06-23,0.01447938543301017
2016-06-24,-0.039861259103645096
2016-06-27,-0.018036292427764975
2016-06-28,0.0212967836066549
2016-06-29,0.015210695630391515
2016-06-30,0.00803782181618327
2016-07-01,0.0021115312281701666
2016-07-05,-0.00017501201378170993
2016-07-06,0.008863243716267727
2016-07-07,0.003988514812282269
2016-07-08,0.016482192475957773
2016-07-11,0.01118749853984437
2016-07-12,0.003997461450935157
2016-07-13,-0.0038846562617309123
2016-07-14,0.003510794357759029
2016-07-15,-0.0047550991593653495
2016-07-18,0.009929319835125714
2016-07-19,0.0009341536037642916
2016-07-20,0.01440585022272375
2016-07-21,-0.010971412079762401
2016-07-22,0.008497237388002968
2016-07-25,0.007574820145665943
2016-07-26,0.0011995672260588714
2016-07-27,0.0005426084622162995
2016-07-28,0.007676709134405152
2016-07-29,0.005465179203728588
2016-08-01,0.000618722525690986
2016-08-02,-0.01046590365275716
2016-08-03,0.0006414787897322824
2016-08-04,0.009313425386920765
2016-08-05,0.007849966133473605
2016-08-08,-0.0010226156032675507
2016-08-09,0.003134087378154119
2016-08-10,-0.004488689025723646
2016-08-11,0.004864233131095852
2016-08-12,0.008408339583121682
2016-08-15,-0.00074755240753846
2016-08-16,-0.005992360780063369
2016-08-17,-0.002002565449660496
2016-08-18,0.0019391493429752613
2016-08-19,-0.0002418311553504509
2016-08-22,-0.0006649878688276021
2016-08-23,0.004279610783152708
2016-08-24,-0.00846733478042025
2016-08-25,-0.002228420491976482
2016-08-26,0.003300583745384495
2016-08-29,-0.00014355107052991883
2016-08-30,-0.006330650325322586
2016-08-31,-0.0011431282485361142
2016-09-01,0.005532265556768822
2016-09-02,0.001345360348489385
2016-09-06,0.011486382227326218
2016-09-07,-0.001318702724212167
2016-09-08,-0.002518524979647439
2016-09-09,-0.0284908039027156
2016-09-12,0.01548757606181763
2016-09-13,-0.012138901047680763
2016-09-14,0.002164094091763601
2016-09-15,0.015610547164935859
2016-09-16,0.0013768106996242756
2016-09-19,-0.002884397616890031
2016-09-20,-0.0005317906287863866
2016-09-21,0.012554505187024164
2016-09-22,0.006740229501800272
2016-09-23,-0.007457082245277355
2016-09-26,-0.007451394637414361
2016-09-27,0.015385432556868991
2016-09-28,0.004547206676146355
2016-09-29,-0.004928612328219294
2016-09-30,0.00707213168569478
2016-10-03,-0.0011750835947186076
2016-10-04,-0.002656019395423163
2016-10-05,0.004072545978402294
2016-10-06,-0.0016043413999418873
2016-10-07,-0.0021841410136173808
2016-10-10,0.006434925459438672
2016-10-11,-0.012518085252481777
2016-10-12,0.0015860216111243013
2016-10-13,-0.007354388886194091
2016-10-14,0.002330046687562113
2016-10-17,-0.004630721426251865
2016-10-18,0.008899620789908178
2016-10-19,0.001289058187987676
2016-10-20,-0.0003734302037049822
2016-10-21,0.010011903657511782
2016-10-24,0.019758434308294694
2016-10-25,-4.702403924224628e-05
2016-10-26,-0.009225802097457006
2016-10-27,-0.009515784949592347
2016-10-28,-0.00892365087294407
2016-10-31,0.00162652815961245
2016-11-01,-0.011692075595749802
2016-11-02,-0.011511525290889224
2016-11-03,-0.011991059253444332
2016-11-04,-0.005954720019039828
2016-11-07,0.02991657157084973
2016-11-08,0.004590321227917753
2016-11-09,-0.005986801657608427
2016-11-10,-0.025482824659877116
2016-11-11,0.04298841976178048
2016-11-14,-0.02143859784766459
2016-11-15,0.02029006260166559
2016-11-16,0.017312306139790196
2016-11-17,0.008016413998480887
2016-11-18,-0.0013383988967553022
2016-11-21,0.010759825797158017
2016-11-22,0.0035554529381923343
2016-11-23,-0.004547951805157445
2016-11-25,0.00251399064682449
2016-11-28,-0.003178645974913729
2016-11-29,0.00011147037162826957
2016-11-30,-0.011302539769544382
2016-12-01,-0.017964312858705603
2016-12-02,0.0020221734616635277
2016-12-05,0.014425635288332614
2016-12-06,0.004081469758773173
2016-12-07,0.015168188850686026
2016-12-08,-0.0014699843143358407
2016-12-09,0.007017433835175861
2016-12-12,-0.006286884727111537
2016-12-13,0.013156361854372823
2016-12-14,0.006158765317373133
2016-12-15,0.003508565397079453
2016-12-16,-0.00023921873601239336
2016-12-19,0.008349389349255209
2016-12-20,0.007735328650955911
2016-12-21,-8.343414689092975e-05
2016-12-22,-0.0008509512470194567
2016-12-23,0.002519651621574334
2016-12-27,0.014207911108142074
2016-12-28,-0.015070777095335433
2016-12-29,0.0012662014841392454
2016-12-30,-0.015451950265151816
2017-01-03,0.0007792759829156989
2017-01-04,0.004771634988390521
2017-01-05,0.001728105186145442
2017-01-06,0.009921265389463564
2017-01-09,0.007321648122376742
2017-01-10,-0.0010440033459610902
2017-01-11,0.002241043576348436
2017-01-12,-0.0023090676336845147
2017-01-13,0.002602038629426042
2017-01-17,-0.005384564965674922
2017-01-18,0.002850260637006225
2017-01-19,0.0015600581524062122
2017-01-20,0.0008481065283699348
2017-01-23,0.008809191774840155
2017-01-24,0.01023964032929781
2017-01-25,0.008913436142349001
2017-01-26,0.0031573540462139275
2017-01-27,0.004181654889294069
2017-01-30,-0.011157445261014571
2017-01-31,-0.003864638415031613
2017-02-01,0.014105357649365118
2017-02-02,0.003349226515053058
2017-02-03,-0.0044790979487633635
2017-02-06,0.008383637561563089
2017-02-07,0.0041854667304766485
2017-02-08,0.004517116171961996
2017-02-09,0.005561687783112739
2017-02-10,-0.002884513759313613
2017-02-13,0.0035588578634864042
2017-02-14,0.003926647490011122
2017-02-15,0.0016638944395004015
2017-02-16,-0.007928127791435077
2017-02-17,0.003305354208773105
2017-02-21,0.012272310510276609
2017-02-22,-0.002364571066358565
2017-02-23,-0.02495099769743802
2017-02-24,0.0011895779703243812
2017-02-27,-0.0016928227331485734
2017-02-28,-0.003817194874845978
2017-03-01,0.011664115786208129
2017-03-02,-0.010466426288041373
2017-03-03,0.0016651839742121725
2017-03-06,-0.0029676840738893156
2017-03-07,-0.00019493944786606572
2017-03-08,1.697801028225063e-05
2017-03-09,-0.001577208674719909
2017-03-10,0.0021917543325907997
2017-03-13,0.005772967938046496
2017-03-14,0.004987604016572444
2017-03-15,0.004451994467112142
2017-03-16,0.0051805212014278314
2017-03-17,0.0022857236264903816
2017-03-20,0.007224265495116258
2017-03-21,-0.020695325567659552
2017-03-22,0.011139200005260074
2017-03-23,-0.0030208997485587728
2017-03-24,0.006084912742767768
2017-03-27,0.005698476389007755
2017-03-28,0.009867249787412906
2017-03-29,0.001946278469128264
2017-03-30,0.004022402887165916
2017-03-31,-0.0011450510855261853
2017-04-03,0.009193952459138593
2017-04-04,-0.006745443116014412
2017-04-05,-0.007396625336339455
2017-04-06,0.002954785645864622
2017-04-07,0.0001919727710056934
2017-04-10,0.0008149842801078287
2017-04-11,-0.004593696040884758
2017-04-12,-0.008945753270518522
2017-04-13,-0.0035953498039559733
2017-04-17,0.010534077859388594
2017-04-18,-0.0023824726914328277
2017-04-19,0.0027556736275721953
2017-04-20,0.006506826289508537
2017-04-21,0.003400408954674539
2017-04-24,0.01164933682879343
2017-04-25,0.008720804675718383
2017-04-26,-0.0040232680882510445
2017-04-27,0.004371682246810184
2017-04-28,0.0026714488367792413
2017-05-01,0.015745320286687677
2017-05-02,-0.004700024082503855
2017-05-03,-0.005748833800976934
2017-05-04,-0.010392655306169295
2017-05-05,0.00776439027140944
2017-05-08,0.006503343857951029
2017-05-09,0.008052444143080366
2017-05-10,0.026483336704141925
2017-05-11,0.006206495250940047
2017-05-12,0.007225988805041889
2017-05-15,0.003255597724090096
2017-05-16,0.005205068024606176
2017-05-17,-0.03504799220707561
2017-05-18,0.019077637308595484
2017-05-19,0.00458772303399003
2017-05-22,0.008039667112135846
2017-05-23,-0.004281804407083766
2017-05-24,0.009236967620685866
2017-05-25,0.010274423459740686
2017-05-26,0.008446703893743763
2017-05-30,0.00872249351300561
2017-05-31,-0.0014085504926943035
2017-06-01,0.000979347410780393
2017-06-02,0.0072318876681512646
2017-06-05,0.008210897067250287
2017-06-06,-0.001301062026658256
2017-06-07,0.008039784685222059
2017-06-08,0.0167977936979364
2017-06-09,-0.03870630686662325
2017-06-12,-0.007575214859982576
2017-06-13,0.016473930493731675
2017-06-14,-0.0011927720230654809
2017-06-15,-0.006358867313473415
2017-06-16,-0.0005895440201651576
2017-06-19,0.01676113246178017
2017-06-20,-0.003341914795190058
2017-06-21,0.010351418421611643
2017-06-22,0.00022581649587380713
2017-06-23,0.0005330310577974631
2017-06-26,-0.009982496889915461
2017-06-27,-0.02501372529897068
2017-06-28,0.019180937553761386
2017-06-29,-0.021381214748804705
2017-06-30,-0.004010942211954693
2017-07-03,-0.01730742210887623
2017-07-05,0.0015489046197798794
2017-07-06,-0.013819879745325541
2017-07-07,0.014875908968380725
2017-07-10,0.016262143209194804
2017-07-11,0.009918348042881478
2017-07-12,0.01629685770995133
2017-07-13,-0.0025671853146161557
2017-07-14,0.010174548409418557
2017-07-17,-0.002331166248859696
2017-07-18,0.012767419576345048
2017-07-19,0.0020142182250248645
2017-07-20,0.004614623774209378
2017-07-21,-0.001090031874918877
2017-07-24,0.010263433773119909
2017-07-25,-0.0036696585120267458
2017-07-26,0.005647586202344786
2017-07-27,-0.011119419942267993
2017-07-28,-0.0006154010492653385
2017-07-31,-0.017489863698351517
2017-08-01,0.003505759317017467
2017-08-02,0.009843801302052979
2017-08-03,0.0066937258688008995
2017-08-04,0.008275560997388267
2017-08-07,0.008568665114181641
2017-08-08,0.0032224779506592875
2017-08-09,-0.00030730081759912316
2017-08-10,-0.02638613545417155
2017-08-11,0.0005234440567976793
2017-08-14,0.024690297015575634
2017-08-15,7.866684764813089e-06
2017-08-16,-0.002531054512029275
2017-08-17,-0.02081385708707874
2017-08-18,-0.002081972894665923
2017-08-21,-0.008496867046594777
2017-08-22,0.015245321428702323
2017-08-23,0.004631494497160121
2017-08-24,-0.003249052827967558
2017-08-25,-0.005704765109541482
2017-08-28,0.0022541567446910022
2017-08-29,0.0050898339068162456
2017-08-30,0.010595967320320683
2017-08-31,0.01158419981387342
2017-09-01,-0.0015863959597064688
2017-09-05,-0.013243741274031233
2017-09-06,-0.0010488770984403734
2017-09-07,0.007650044407607494
2017-09-08,-0.01385977668542376
2017-09-11,0.02302526890456811
2017-09-12,-0.0001348588244886076
2017-09-13,0.00484724795108615
2017-09-14,-0.001857966561843902
2017-09-15,0.012976325152108571
2017-09-18,0.00332806931698552
2017-09-19,-0.0016906314141342152
2017-09-20,-0.0053056595494456495
2017-09-21,-0.01407402570316063
2017-09-22,-0.010321980749600484
2017-09-25,-0.023540109675563456
2017-09-26,0.0027537890942968134
2017-09-27,0.012188216956567077
2017-09-28,0.0015756054749917873
2017-09-29,0.009399526860638578
2017-10-02,-0.001661807410128614
2017-10-03,0.004302054269980271
2017-10-04,0.003061539729454643
2017-10-05,0.009998517469569087
2017-10-06,0.00338748862144194
2017-10-09,-0.0020014582756347874
2017-10-10,0.006944807050461067
2017-10-11,0.005989507635585947
2017-10-12,0.0011085144148888335
2017-10-13,0.0054975398051325145
2017-10-16,0.002530747479536535
2017-10-17,0.004012611609897968
2017-10-18,0.0009074070658105863
2017-10-19,-0.009353713352173948
2017-10-20,-0.00044128030999344547
2017-10-23,-0.010924534749757058
2017-10-24,0.003522535727663117
2017-10-25,-0.00955606727714261
2017-10-26,0.002415001453362953
2017-10-27,0.035174410861544735
2017-10-30,0.0063690934745880695
2017-10-31,0.002808872646568667
2017-11-01,0.0011957996443051056
2017-11-02,-0.0132278579165986
2017-11-03,0.010374896001689516
2017-11-06,0.004853544439858379
2017-11-07,0.003258968619869941
2017-11-08,0.0015973529983861158
2017-11-09,-0.006416566970533058
2017-11-10,0.00544333630176168
2017-11-13,-0.0022666263658234665
2017-11-14,-0.0014096259208127365
2017-11-15,-0.008772463236985325
2017-11-16,0.008872996627076657
2017-11-17,-0.004801719328777267
2017-11-20,0.0013770193011325956
2017-11-21,0.012902647257236555
2017-11-22,0.0012800261564027155
2017-11-24,0.00789700472715872
2017-11-27,-0.00027705600442676876
2017-11-28,-0.0008592121933423295
2017-11-29,-0.029163775826227915
2017-11-30,0.012667937803456335
2017-12-01,-0.007212602020216844
2017-12-04,-0.023504082512514176
2017-12-05,0.0033805002310606175
2017-12-06,0.007514691846984721
2017-12-07,0.007140966024577352
2017-12-08,0.0031764893638484967
2017-12-11,0.009654831131017361
2017-12-12,-0.005448944794293871
2017-12-13,-0.0022822775853582624
2017-12-14,-0.00010663750432266372
2017-12-15,0.01400862084515691
2017-12-18,0.010090344973980512
2017-12-19,-0.0066993753710202055
2017-12-20,-0.0029835493142676335
2017-12-21,-0.000673181641017875
2017-12-22,-0.0016857329131973469
2017-12-26,-0.0032132271227827756
2017-12-27,0.0018391868733834457
2017-12-28,0.0011339582935927185
2017-12-29,-0.009449549022050642
2018-01-02,0.018987707852024135
2018-01-03,0.018142614112092108
2018-01-04,0.003839503724415595
2018-01-05,0.012071798938379685
2018-01-08,0.008403991643628277
2018-01-09,9.270706244602824e-05
2018-01-10,4.3090418760047135e-05
2018-01-11,0.0053641534541248705
2018-01-12,0.00281059770931924
2018-01-16,-0.006095263953444272
2018-01-17,0.010998630878530894
2018-01-18,-0.0008711502487561596
2018-01-19,0.005006261575459764
2018-01-22,0.012627124533267042
2018-01-23,0.010778558685627243
2018-01-24,-0.006687226973895636
2018-01-25,0.002137780325491329
2018-01-26,0.014662348182584916
2018-01-29,-0.0003136321998607511
2018-01-30,-0.006804580236713694
2018-01-31,0.008489442618211983
2018-02-01,-0.012105859391483094
2018-02-02,-0.019924793833289947
2018-02-05,-0.048821921534479444
2018-02-06,0.031486129626638854
2018-02-07,-0.013019375461505705
2018-02-08,-0.04669918330559987
2018-02-09,0.027269593977929957
2018-02-12,0.010380253219058163
2018-02-13,0.006477345183864394
2018-02-14,0.02277853117888897
2018-02-15,0.017723146130699603
2018-02-16,-0.005648351267587459
2018-02-20,0.006442874044737414
2018-02-21,-0.005323610496454245
2018-02-22,0.0016167066443184266
2018-02-23,0.01713894369153938
2018-02-26,0.012464307371527091
2018-02-27,-0.010765421233368263
2018-02-28,-0.0076022981471899915
2018-03-01,-0.020433174383624755
2018-03-02,0.008387369719415625
2018-03-05,0.007900801204859505
2018-03-06,0.006758506550587403
2018-03-07,0.0026711236206753085
2018-03-08,0.005720905870301598
2018-03-09,0.019768087300011013
2018-03-12,0.007124864789422565
2018-03-13,-0.013469578474505426
2018-03-14,-0.0006358309071264514
2018-03-15,0.00022950608357188886
2018-03-16,-0.0026356288270935
2018-03-19,-0.022584493068657834
2018-03-20,0.00974388072807381
2018-03-21,-0.006617579304087751
2018-03-22,-0.02618000000607302
2018-03-23,-0.028408610664937856
2018-03-26,0.043315183487746454
2018-03-27,-0.04219074261974349
2018-03-28,-0.013522186064707864
2018-03-29,0.021489887228064133
2018-04-02,-0.030585674625593497
2018-04-03,0.012400024346797852
2018-04-04,0.014785364557291613
2018-04-05,0.004336444948975656
2018-04-06,-0.026598677337419954
2018-04-09,0.0063186812322121285
2018-04-10,0.025161922668585125
2018-04-11,-0.007191298943569561
2018-04-12,0.016185431696782864
2018-04-13,-0.005464730274540405
2018-04-16,0.0071285703037895325
2018-04-17,0.023236843876835743
2018-04-18,0.0019414502720839246
2018-04-19,-0.006608336758007993
2018-04-20,-0.015870642377787278
2018-04-23,-0.004944057562129269
2018-04-24,-0.025088186017338157
2018-04-25,-0.0032540625756467857
2018-04-26,0.022450724790001257
2018-04-27,0.0059122813285552266
2018-04-30,-0.005939587447079054
2018-05-01,0.012845813928793592
2018-05-02,-0.0008238187244329418
2018-05-03,0.005480547098357012
2018-05-04,0.019379408001624212
2018-05-07,0.01308156008210891
2018-05-08,0.0001533058832191453
2018-05-09,0.013379626032181338
2018-05-10,0.010712411622537681
2018-05-11,-0.004581839527244578
2018-05-14,0.001134505636180753
2018-05-15,-0.015363407672128123
2018-05-16,0.0046596037872170685
2018-05-17,-0.00290159089917301
2018-05-18,-0.004273245252953703
2018-05-21,0.006304843355728831
2018-05-22,-0.0032824437156465424
2018-05-23,0.010387618495585694
2018-05-24,-0.0008961944889330945
2018-05-25,0.0017091529375357097
2018-05-29,-0.00511550558970138
2018-05-30,0.008807267893201406
2018-05-31,0.00036353560347131205
2018-06-01,0.014857854630795394
2018-06-04,0.01112290841434038
2018-06-05,0.004812243570821071
2018-06-06,0.0004652847375578048
2018-06-07,-0.009155163858523323
2018-06-08,-0.000805627231146188
2018-06-11,0.0010604032306546264
2018-06-12,0.004954564023254665
2018-06-13,-0.0021002180601930416
2018-06-14,0.011001059242341104
2018-06-15,-0.006204327015591863
2018-06-18,0.0054297308497452115
2018-06-19,-0.005729078901712537
2018-06-20,0.00957270509027441
2018-06-21,-0.00988682370461908
2018-06-22,-0.010260145425485617
2018-06-25,-0.02789210526166166
2018-06-26,0.008334648248988665
2018-06-27,-0.015700746107079434
2018-06-28,0.012670748295119752
2018-06-29,-0.0069776920772256276
2018-07-02,0.007733788177395555
2018-07-03,-0.024400554787841595
2018-07-05,0.014817366759414582
2018-07-06,0.015025970658254605
2018-07-09,0.010225530600540692
2018-07-10,0.0021882989967501494
2018-07-11,-0.005659788697250624
2018-07-12,0.019737664207541708
2018-07-13,0.0029229848210257296
2018-07-16,-0.0020456315315961855
2018-07-17,0.011224318354075896
2018-07-18,-0.004013689602406074
2018-07-19,-0.004914741304187873
2018-07-20,0.0029158053837304147
2018-07-23,0.0029388977453043063
2018-07-24,0.00964012337734916
2018-07-25,0.015911154607099083
2018-07-26,-0.03567507853986791
2018-07-27,-0.012585290377078921
2018-07-30,-0.017579631806618826
2018-07-31,0.0028984296562869338
2018-08-01,0.012794702304603138
2018-08-02,0.014674951782144587
2018-08-03,0.0015486368437127368
2018-08-06,0.00523925265688794
2018-08-07,0.005615616405345218
2018-08-08,0.0045181947471980635
2018-08-09,-0.0034131326117154827
2018-08-10,-0.005024462951609893
2018-08-13,0.0008987097852531474
2018-08-14,0.004808173641081156
2018-08-15,-0.013565696304681421
2018-08-16,7.145793168727842e-05
2018-08-17,-0.005521105561016637
2018-08-20,-0.0002138812037201676
2018-08-21,-0.0007432794604958782
2018-08-22,0.007891387153369938
2018-08-23,0.0018868971685993058
2018-08-24,0.00868132910991399
2018-08-27,0.011297745369828777
2018-08-28,0.0007119195615060997
2018-08-29,0.016423265627614272
2018-08-30,-0.0006433293487395405
2018-08-31,0.002051129440391967
2018-09-04,-4.920616395217422e-05
2018-09-05,-0.015218402011739626
2018-09-06,-0.011565647102020231
2018-09-07,-0.004363750133997137
2018-09-10,0.0007388231965211876
2018-09-11,0.011860203945093165
2018-09-12,-0.005514562335520447
2018-09-13,0.010312597902507896
2018-09-14,-0.0005287226703905838
2018-09-17,-0.016342505199051015
2018-09-18,0.00534577981578514
2018-09-19,-0.0018568511483824412
2018-09-20,0.006225363754038507
2018-09-21,-0.0080033704968209
2018-09-24,0.006504728517961036
2018-09-25,0.00661297698976673
2018-09-26,-0.002848626136892706
2018-09-27,0.00894823814071
2018-09-28,-0.013683576952286476
2018-10-01,0.03306558621139577
2018-10-02,-0.003914952485327663
2018-10-03,0.0012665053747731288
2018-10-04,-0.021109146092375103
2018-10-05,-0.013595224404386146
2018-10-08,-0.008824219302892634
2018-10-09,0.0032683448042686884
2018-10-10,-0.05366565492373573
2018-10-11,-0.015575844251381114
2018-10-12,0.03226993836399739
2018-10-15,-0.018048187624736943
2018-10-16,0.029944578436655173
2018-10-17,-0.0018919563382033633
2018-10-18,-0.022247720694883403
2018-10-19,-0.004117643385307865
2018-10-22,0.0063781951207155674
2018-10-23,-0.007719984240750864
2018-10-24,-0.05598180782270013
2018-10-25,0.04511418985493258
2018-10-26,-0.020286711792940577
2018-10-29,-0.02568135540079484
2018-10-30,0.0036141846904841992
2018-10-31,0.02673882875249388
2018-11-01,0.011247996349712878
2018-11-02,-0.014010965456846835
2018-11-05,-0.009030892206338249
2018-11-06,0.006517655267839549
2018-11-07,0.034782571361096595
2018-11-08,-0.0019226869966302875
2018-11-09,-0.01555336667545342
2018-11-12,-0.03667944505625078
2018-11-13,0.0011584067419101406
2018-11-14,-0.008566836528914207
2018-11-15,0.01646486081379133
2018-11-16,0.0027874225253297757
2018-11-19,-0.030724701773974555
2018-11-20,-0.020935087228952733
2018-11-21,0.002787187501605288
2018-11-23,-0.014429005214659917
2018-11-26,0.030709595973316694
2018-11-27,0.00027212074381195527
2018-11-28,0.033617299473667255
2018-11-29,-0.005741381837622977
2018-11-30,0.010008567760066997
2018-12-03,0.021126735095170882
2018-12-04,-0.03596794584534282
2018-12-06,0.006984351051350525
2018-12-07,-0.031160967179480668
2018-12-10,0.011458593644451273
2018-12-11,0.0034134037456171086
2018-12-12,0.006502606115438979
2018-12-13,0.0052592076884539
2018-12-14,-0.028179509389934517
2018-12-17,-0.029651297927146523
2018-12-18,0.004346576068812461
2018-12-19,-0.019274115662417882
2018-12-20,-0.02436226928139368
2018-12-21,-0.027180584547463253
2018-12-24,-0.033242059940715066
2018-12-26,0.06990415365509436
2018-12-27,-0.003879114391086725
2018-12-28,0.007559278370358437
2018-12-31,0.0069796812812657795
2019-01-02,-0.004922316079893633
2019-01-03,-0.037317492073029805
2019-01-04,0.045488436976774266
2019-01-07,0.017307460278251818
2019-01-08,0.009465887887988836
2019-01-09,0.006906105117583481
2019-01-10,0.002481437502144289
2019-01-11,-0.005065621779490269
2019-01-14,-0.014461696790690249
2019-01-15,0.025524763076859046
2019-01-16,0.004019371329366874
2019-01-17,0.00665462684211496
2019-01-18,-0.011801375907957084
2019-01-22,-0.021555059058332302
2019-01-23,-0.0017903553965862805
2019-01-24,0.009116598625211195
2019-01-25,0.015834308734240014
2019-01-28,-0.026886437327192737
2019-01-29,-0.0159716181281048
2019-01-30,0.0373303010983577
2019-01-31,0.018517727239977824
2019-02-01,-0.009545378425454084
2019-02-04,0.013215406605961207
2019-02-05,0.012181597607496424
2019-02-06,-0.005330410099979008
2019-02-07,-0.019205634717531075
2019-02-08,-0.0006702461383451581
2019-02-11,-0.0007135217395862314
2019-02-12,0.014218254613023583
2019-02-13,-0.0005656815701297858
2019-02-14,-0.0012024632771180969
2019-02-15,0.0033873510089163536
2019-02-19,0.0012805753719468138
2019-02-20,-0.003129638084440529
2019-02-21,-0.008252911080437303
2019-02-22,0.010073759237706969
2019-02-25,0.006355009246753748
2019-02-26,0.0010132693831699476
2019-02-27,0.007257603376420949
2019-02-28,0.0007888537444360105
2019-03-01,-0.0034870252306048364
2019-03-04,0.0011168270630102929
2019-03-05,-0.00016646126329296492
2019-03-06,-0.0027020202196229868
2019-03-07,-0.012136384867670377
2019-03-08,0.0037060342200957376
2019-03-11,0.02087897184005091
2019-03-12,0.00084571186426862
2019-03-13,0.008753722856752055
2019-03-14,-0.0035783693140558474
2019-03-15,-0.006100234216238496
2019-03-18,-0.0036620993865886264
2019-03-19,0.0034208550396123373
2019-03-20,0.011934634997420018
2019-03-21,0.011124030380052247
2019-03-22,-0.02368530393041177
2019-03-25,8.945397160006874e-05
2019-03-26,0.006048469722801252
2019-03-27,-0.007055384757430087
2019-03-28,0.002030434433129559
2019-03-29,0.006013248962506709
2019-04-01,0.01649941223721558
2019-04-02,0.00482931257912324
2019-04-03,0.0056288773331316455
2019-04-04,-0.009710571571349427
2019-04-05,0.005934120954567098
2019-04-08,-0.00018678525273985454
2019-04-09,-0.001829934687094234
2019-04-10,0.005804782123217329
2019-04-11,-0.004432979031545283
2019-04-12,0.004936600074990033
2019-04-15,0.0005801880116588414
2019-04-16,0.004361871352191132
2019-04-17,0.001684080677459489
2019-04-18,0.0026910763455006946
2019-04-22,0.0033817071733101287
2019-04-23,0.01249325442683499
2019-04-24,-0.007274034218219656
2019-04-25,0.010840163625345386
2019-04-26,0.0002718503826860794
2019-04-29,0.0042731119538579635
2019-04-30,-0.015410722570912425
2019-05-01,-0.004507962096151805
2019-05-02,-0.005705582585181879
2019-05-03,0.018249254223926085
2019-05-06,-0.0056084378801497
2019-05-07,-0.018662911811092156
2019-05-08,-0.002045053870889853
2019-05-09,-0.004824626645295028
2019-05-10,0.00043193180029703056
2019-05-13,-0.0345867086178041
2019-05-14,0.00546385511244609
2019-05-15,0.019368434921497542
2019-05-16,0.01110840763630608
2019-05-17,-0.010509028027429564
2019-05-20,-0.014919508782139478
2019-05-21,0.008494220130082799
2019-05-22,-0.0015054443185578757
2019-05-23,-0.01625054693885396
2019-05-24,-0.0013196689116524007
2019-05-28,0.0013301428283267547
2019-05-29,-0.009936659529294163
2019-05-30,0.003136508513718516
2019-05-31,-0.018789696707491945
2019-06-03,-0.03745276416297285
2019-06-04,0.023604215521507023
2019-06-05,0.008443277515398405
2019-06-06,0.008511906198717376
2019-06-07,0.023010025937260602
2019-06-10,0.012961213027524876
2019-06-11,0.0042309223588023834
2019-06-12,-0.005752698336457439
2019-06-13,0.006795668450665226
2019-06-14,0.0010324768682741974
2019-06-17,0.010613085177312678
2019-06-18,0.011642609972069269
2019-06-19,0.0007798455766685284
2019-06-20,0.008553599096136828
2019-06-21,0.0008976696893738636
2019-06-24,0.002395042054799008
2019-06-25,-0.017706857278089256
2019-06-26,0.010061760389991395
2019-06-27,0.005757378072524414
2019-06-28,0.0019268728500703893
2019-07-01,0.011572719609556411
2019-07-02,0.0016681650928311049
2019-07-03,0.00664883479666899
2019-07-05,-0.002954269585491876
2019-07-08,-0.007471771088705773
2019-07-09,0.006702631889753919
2019-07-10,0.011744854634301296
2019-07-11,0.0013071719947363065
2019-07-12,0.0074565487928146814
2019-07-15,0.0017758221175938288
2019-07-16,-0.00474204791073243
2019-07-17,-0.0047617799670316594
2019-07-18,0.001041929261078223
2019-07-19,-0.007829303164682968
2019-07-22,0.013204119313824488
2019-07-23,0.007360995152069544
2019-07-24,0.0076034465851043
2019-07-25,-0.013089785544751716
2019-07-26,0.0021677501729993
2019-07-29,-0.0050988087660186095
2019-07-30,-0.002024544660968585
2019-07-31,-0.014784579265918
2019-08-01,-0.008491809326342479
2019-08-02,-0.015962080660969574
2019-08-05,-0.042484902403761876
2019-08-06,0.014951973876233794
2019-08-07,0.005093565713770866
2019-08-08,0.023085757271483265
2019-08-09,-0.010323664832635162
2019-08-12,-0.011154433688101114
2019-08-13,0.022517305746316652
2019-08-14,-0.033164028225417426
2019-08-15,0.0030927620390952116
2019-08-16,0.01395560490710644
2019-08-19,0.015415496156018072
2019-08-20,-0.008162663758669872
2019-08-21,0.009746185511414315
2019-08-22,-0.004288000410206805
2019-08-23,-0.036314257496112716
2019-08-26,0.015465585660874463
2019-08-27,-0.005319658901832042
2019-08-28,0.0016865661479982543
2019-08-29,0.01962196546522963
2019-08-30,-0.0015181604774088682
2019-09-03,-0.011491593933169075
2019-09-04,0.016725072368908876
2019-09-05,0.024987703835457557
2019-09-06,-0.00534787440244575
2019-09-09,0.0010632089288502462
2019-09-10,-0.0009724494081519585
2019-09-11,0.009891334603574959
2019-09-12,0.0030004178564926954
2019-09-13,-0.006223375222169695
2019-09-16,-0.006065457157189819
2019-09-17,0.005772421667307854
2019-09-18,0.0015312900093111604
2019-09-19,0.0010624983289217686
2019-09-20,-0.009554911071154647
2019-09-23,-0.00241718345651112
2019-09-24,-0.014823445638015527
2019-09-25,0.013142563477324528
2019-09-26,-0.005721159551842956
2019-09-27,-0.01315881407347276
2019-09-30,0.008616076746289529
2019-10-01,-0.008633952008657002
2019-10-02,-0.017610701425989406
2019-10-03,0.012114822032262157
2019-10-04,0.014848694384374316
2019-10-07,-0.0019354761529759585
2019-10-08,-0.01575706359387228
2019-10-09,0.012687261529094255
2019-10-10,0.007417680891431074
2019-10-11,0.013861416138758952
2019-10-14,-0.0007385808318493748
2019-10-15,0.019486148702975173
2019-10-16,-0.0035248489831804647
2019-10-17,0.002162433503502908
2019-10-18,-0.011068632616526117
2019-10-21,0.013458947535422344
2019-10-22,-0.01074002089605812
2019-10-23,0.007720030353419407
2019-10-24,0.03220695564292487
2019-10-25,0.02468264447759686
2019-10-28,0.01085443295561726
2019-10-29,-0.01764340451048026
2019-10-30,0.0023672549572220382
2019-10-31,-3.252493680692907e-05
2019-11-01,0.008885515349543306
2019-11-04,0.012881047524323522
2019-11-05,-0.0009637775294470323
2019-11-06,0.002240564047079855
2019-11-07,0.009226651545217393
2019-11-08,0.003562138793616934
2019-11-11,0.0035394683341096523
2019-11-12,0.004488779541321553
2019-11-13,-0.0007515604744030369
2019-11-14,0.003526418841580855
2019-11-15,0.005526330010996398
2019-11-18,0.004775572205669928
2019-11-19,1.1618949979598878e-05
2019-11-20,-0.0052676781830930195
2019-11-21,-0.001108883250610008
2019-11-22,-0.009196974993038941
2019-11-25,0.01688904882390638
2019-11-26,-0.005201413766191593
2019-11-27,0.005723444960028506
2019-11-29,-0.004886085888777764
2019-12-02,-0.010918999651932984
2019-12-03,-0.004232227202015634
2019-12-04,0.004935407745660033
2019-12-05,0.0021903762004005377
2019-12-06,0.013343835508367052
2019-12-09,-0.0006962040286685669
2019-12-10,0.00557856998811627
2019-12-11,0.007547527484461057
2019-12-12,0.006627721014549541
2019-12-13,0.0016296317861281369
2019-12-16,0.01746579773841386
2019-12-17,5.0301895660806174e-05
2019-12-18,0.005510480557360389
2019-12-19,0.011277491111454567
2019-12-20,0.004842776087581927
2019-12-23,0.0075958304173654985
2019-12-24,0.0015320981501657294
2019-12-26,0.010383576242600697
2019-12-27,-0.002450944602754901
2019-12-30,-0.012009790912462936
2019-12-31,0.004910686459154485
2020-01-02,0.019934164812490603
2020-01-03,-0.004208475049780711
2020-01-06,0.010387053625969218
2020-01-07,0.004955174952242586
2020-01-08,0.015072031184854734
2020-01-09,0.006910274103413483
2020-01-10,-0.0002536325561824088
2020-01-13,0.02755923709714915
2020-01-14,-0.0038918636937143496
2020-01-15,-0.0049506639725588955
2020-01-16,0.00859998949844212
2020-01-17,0.0059077125347436164
2020-01-21,0.008397715572787606
2020-01-22,0.007789370923756342
2020-01-23,0.004654361550662372
2020-01-24,-0.009357885255868599
2020-01-27,-0.023378350190725903
2020-01-28,0.019544450724148645
2020-01-29,0.010957347604095401
2020-01-30,0.013668519410257046
2020-01-31,-0.020763384973525634
2020-02-03,0.04275306959216048
2020-02-04,0.03526535632105259
2020-02-05,-0.021039158982707022
2020-02-06,0.01447026695065088
2020-02-07,-0.004445450848361548
2020-02-10,0.021397964683514317
2020-02-11,-2.955559570785326e-05
2020-02-12,0.007718079970552463
2020-02-13,0.003139947203860062
2020-02-14,0.011355741642719717
2020-02-18,0.01421994478504552
2020-02-19,0.02444313218336422
2020-02-20,-0.012682460398863194
2020-02-21,-0.02412222255018063
2020-02-24,-0.05312897604096127
2020-02-25,-0.02969952040170948
2020-02-26,0.005052911843322991
2020-02-27,-0.07087594383825858
2020-02-28,0.014233808929356018
2020-03-02,0.05939128098401942
2020-03-03,-0.030121362000137816
2020-03-04,0.03772588414548827
2020-03-05,-0.034573495923077166
2020-03-06,-0.020679973313030564
2020-03-09,-0.08225947593822837
2020-03-10,0.05862618111812
2020-03-11,-0.04168334696934619
2020-03-12,-0.10403677488051813
2020-03-13,0.08081381567705789
2020-03-16,-0.14459255728146636
2020-03-17,0.053074460065142444
2020-03-18,-0.05045538507809202
2020-03-19,0.042425543406814314
2020-03-20,-0.03341799053308262
2020-03-23,0.006122851197273479
2020-03-24,0.09584027670527828
2020-03-25,-0.0020705046899220023
2020-03-26,0.0394904706111779
2020-03-27,-0.03341589368369642
2020-03-30,0.03211589832914108
2020-03-31,0.0017303503023440806
2020-04-01,-0.05320526580537544
2020-04-02,0.010037883174312846
2020-04-03,-0.007195231903015798
2020-04-06,0.07397372098233121
2020-04-07,0.0008299036414097725
2020-04-08,0.018278075955341717
2020-04-09,0.0055914602943211026
2020-04-13,0.03808071673349684
2020-04-14,0.0538897678487168
2020-04-15,-0.0011229453713957444
2020-04-16,0.025211655876078164
2020-04-17,0.000897949003707838
2020-04-20,-0.012367844632093223
2020-04-21,-0.046587496231724146
2020-04-22,0.03838256985703477
2020-04-23,-0.005992655295494659
2020-04-24,0.01747260965910475
2020-04-27,0.01725445307858746
2020-04-28,-0.02412041929080452
2020-04-29,0.03858898394439158
2020-04-30,0.009678778136709639
2020-05-01,-0.04556820283942816
2020-05-04,0.02779844017826927
2020-05-05,0.009155637608302052
2020-05-06,0.011594910656512459
2020-05-07,0.00976540663986235
2020-05-08,0.0189280444914738
2020-05-11,0.010921047291858057
2020-05-12,-0.018348464597986815
2020-05-13,-0.011560630260848958
2020-05-14,0.012527784014211243
2020-05-15,0.013282600350484721
2020-05-18,0.01702869067591656
2020-05-19,0.000783546391931213
2020-05-20,0.02098395824620284
2020-05-21,-0.008089446677927211
2020-05-22,0.0053338851424493
2020-05-26,-0.010346382522253074
2020-05-27,-0.004366040359206936
2020-05-28,-0.006726353981135117
2020-05-29,0.0173269825362533
2020-06-01,0.01809971123218389
2020-06-02,0.0013395735733836309
2020-06-03,-0.0004083734404400245
2020-06-04,-0.010319896724753443
2020-06-05,0.020212161509611984
2020-06-08,0.014574432662505353
2020-06-09,0.01716402391078145
2020-06-10,0.0313670936295224
2020-06-11,-0.051020273209694926
2020-06-12,0.0012898301573671185
2020-06-15,0.020732219601966365
2020-06-16,0.010722430840798512
2020-06-17,0.006245818073246718
2020-06-18,0.004471873132025994
2020-06-19,0.0014762841144933404
2020-06-22,0.01538784179814115
2020-06-23,0.009406421880860194
2020-06-24,-0.023598558542069867
2020-06-25,0.015069881772363498
2020-06-26,-0.03264799400915089
2020-06-29,0.016468519955897005
2020-06-30,0.030187604167402432
2020-07-01,0.01932445280520028
2020-07-02,0.014140078763606206
2020-07-06,0.045234585950415254
2020-07-07,-0.0033197038362811054
2020-07-08,0.016449538809347016
2020-07-09,0.015571813012468355
2020-07-10,0.01747715449117866
2020-07-13,-0.026482202061217788
2020-07-14,0.010573540644186948
2020-07-15,-0.0015927305933060415
2020-07-16,-0.01185028281288204
2020-07-17,-0.0013312665301962318
2020-07-20,0.04488880976525589
2020-07-21,-0.01951247316670152
2020-07-22,0.004373529602270062
2020-07-23,-0.03842536685750887
2020-07-24,-0.011033671892001353
2020-07-27,0.02757556250332365
2020-07-28,-0.019166108320040495
2020-07-29,0.015008366449289826
2020-07-30,0.005215752759712456
2020-07-31,0.026741884104733823
2020-08-03,0.02207742703228573
2020-08-04,0.0031884572487701998
2020-08-05,0.003809970815371922
2020-08-06,0.01793851902327656
2020-08-07,-0.013474888530302487
2020-08-10,-0.008432346840846728
2020-08-11,-0.026018891489523955
2020-08-12,0.044621398824900016
2020-08-13,0.009882686220416648
2020-08-14,0.0034579414126330375
2020-08-17,0.029977627242951253
2020-08-18,0.01324992702775915
2020-08-19,-0.005839199122829353
2020-08-20,0.02271494940222311
2020-08-21,0.01651850712409889
2020-08-24,0.0043409950160224805
2020-08-25,0.00921712184890905
2020-08-26,0.03333953273320992
2020-08-27,-0.002658370601761168
2020-08-28,0.006295831839661758
2020-08-31,0.027792885134259718
2020-09-01,0.010528310225788044
2020-09-02,0.002161803824910204
2020-09-03,-0.06812786111702844
2020-09-04,-0.011325930243248966
2020-09-08,-0.07847705861490505
2020-09-09,0.04705640318752041
2020-09-10,-0.020980265701342406
2020-09-11,-0.008551450239330944
2020-09-14,0.03390983410016221
2020-09-15,0.02200149376672138
2020-09-16,-0.025719970944541315
2020-09-17,-0.021175544454211995
2020-09-18,-0.008657301278479681
2020-09-21,0.010095457678201646
2020-09-22,0.01156310693482756
2020-09-23,-0.04651718803000633
2020-09-24,0.01047905827440751
2020-09-25,0.03175225827007896
2020-09-28,0.019268066074759987
2020-09-29,0.0001045805010264633
2020-09-30,0.011953901275218315
2020-10-01,0.0182818737047958
2020-10-02,-0.03813457114057358
2020-10-05,0.02626529507259769
2020-10-06,-0.019834392353747815
2020-10-07,0.017686336919938397
2020-10-08,0.002914391228777866
2020-10-09,0.014212544837955818
2020-10-12,0.03749220265579453
2020-10-13,-0.0013789006498385217
2020-10-14,-0.0045716459141948475
2020-10-15,-0.011519936797233288
2020-10-16,-0.011174268731292646
2020-10-19,-0.02095864456307563
2020-10-20,0.005027760577258403
2020-10-21,0.002816403196747663
2020-10-22,-0.0028393704478505647
2020-10-23,0.006565245038582404
2020-10-26,-0.014327744326100206
2020-10-27,0.015525964294029734
2020-10-28,-0.04811226562171108
2020-10-29,0.02502329006630497
2020-10-30,-0.04594966201860726
2020-11-02,0.003422114194744922
2020-11-03,0.024353743316418208
2020-11-04,0.047612470831235786
2020-11-05,0.02742442703911144
2020-11-06,0.0001264889556223497
2020-11-09,-0.03425070345026836
2020-11-10,-0.02680199656086602
2020-11-11,0.025496430186178223
2020-11-12,-0.004621785453013611
2020-11-13,0.001959414823997235
2020-11-16,0.006064047976414863
2020-11-17,0.007353627016898069
2020-11-18,0.00797174159216226
2020-11-19,0.008445283057893188
2020-11-20,-0.01301870828729271
2020-11-23,0.005788697656636341
2020-11-24,0.016969147550194352
2020-11-25,0.012850223606577876
2020-11-27,0.0086718173630854
2020-11-30,-0.004166386119274864
2020-12-01,0.020068068902446067
2020-12-02,0.00031130305843397134
2020-12-03,0.001894755584326793
2020-12-04,0.0012684612957369306
2020-12-07,0.015136628854947851
2020-12-08,1.2392106521699304e-05
2020-12-09,-0.03019945151347769
2020-12-10,0.007075720045831974
2020-12-11,-0.0039037695276061676
2020-12-14,0.01059895555941432
2020-12-15,0.01058771622362226
2020-12-16,0.0003491771439434025
2020-12-17,0.010280451950607054
2020-12-18,0.0020478549200788217
2020-12-21,-0.0072358209483054615
2020-12-22,0.0003815551274121159
2020-12-23,-0.0033591043028819087
2020-12-24,0.005988182189125069
2020-12-28,0.015641879785467338
2020-12-29,-0.002635944071547161
2020-12-30,0.0031455835451291935
2020-12-31,0.0031223089107489327
2021-01-04,-0.005907433260898108
2021-01-05,0.010455252810782545
2021-01-06,-0.015239115965095399
2021-01-07,0.03739124003506536
2021-01-08,0.016487441705064585
2021-01-11,-0.02223349662243608
2021-01-12,0.0012895840522404159
2021-01-13,0.006291557062027364
2021-01-14,-0.012792519448878555
2021-01-15,-0.012193965619693936
2021-01-19,0.01470798157331072
2021-01-20,0.025510938880485445
2021-01-21,0.013744046570987604
2021-01-22,0.0013229347641448923
2021-01-25,0.012718656533640803
2021-01-26,0.0007612789603782935
2021-01-27,-0.02892173331215227
2021-01-28,-0.008138187813277527
2021-01-29,-0.025190038593177155
2021-02-01,0.02927229915326864
2021-02-02,0.01684014055480062
2021-02-03,0.007304773763967071
2021-02-04,0.007174278832191643
2021-02-05,0.0028665853880893238
2021-02-08,0.013289514306418717
2021-02-09,-0.0055089694512505125
2021-02-10,-0.003301280732143264
2021-02-11,0.008020813169327887
2021-02-12,0.00032947896534243296
2021-02-16,-0.0025398175740656793
2021-02-17,-0.00593752576685033
2021-02-18,-0.006539208373067296
2021-02-19,-0.003972199191595634
2021-02-22,-0.03364652499883525
2021-02-23,-0.006290587627290074
2021-02-24,0.017921711945338904
2021-02-25,-0.04623799972129017
2021-02-26,0.005824218804059128
2021-03-01,0.030470059727446798
2021-03-02,-0.019580654594187553
2021-03-03,-0.031168722663996472
2021-03-04,-0.017297140793312345
2021-03-05,0.009356219128549339
2021-03-08,-0.036840599322121775
2021-03-09,0.05667525424771122
2021-03-10,-0.0037218669846326292
2021-03-11,0.02617810228102453
2021-03-12,-0.009003181882350842
2021-03-15,0.011503715518562836
2021-03-16,0.0007204553593383691
2021-03-17,0.0067071756654041555
2021-03-18,-0.03309065147089932
2021-03-19,0.00425724906070297
2021-03-22,0.016713555411973464
2021-03-23,-0.004031727657042317
2021-03-24,-0.019066265491144825
2021-03-25,-0.0003977049854678584
2021-03-26,0.004494741431842237
2021-03-29,0.0017765788107629223
2021-03-30,-2.7701520731115645e-05
2021-03-31,0.01932447818379167
2021-04-01,0.014554505159179928
2021-04-05,0.02929679361335347
2021-04-06,-0.002501752352884128
2021-04-07,0.0039882426571242035
2021-04-08,0.009756250850063913
2021-04-09,0.005141632069397685
2021-04-12,0.0019332455713438443
2021-04-13,0.0186502568731584
2021-04-14,-0.016034388788881013
2021-04-15,0.01827047960000592
2021-04-16,0.0002627011553350102
2021-04-19,-0.014634479803760599
2021-04-20,-0.00335388641229426
2021-04-21,0.00910677547523064
2021-04-22,-0.015571219520359654
2021-04-23,0.015110589073377409
2021-04-26,0.005704354854832805
2021-04-27,-0.009507115787593282
2021-04-28,-0.004138431198026619
2021-04-29,-0.0011311993893141055
2021-04-30,-0.0017718282640116396
2021-05-03,-0.009018901664542556
2021-05-04,-0.016213687520240293
2021-05-05,-0.002815037748642904
2021-05-06,0.007750399029373341
2021-05-07,0.006945554045251255
2021-05-10,-0.03040249088484489
2021-05-11,-0.007327165857936432
2021-05-12,-0.028158066681446433
2021-05-13,0.00589203389560043
2021-05-14,0.025864153580395913
2021-05-17,-0.006958135668942142
2021-05-18,-0.008834669181055483
2021-05-19,-0.0009804913043671955
2021-05-20,0.019347501515045842
2021-05-21,-0.0027242525388954334
2021-05-24,0.026231053865226367
2021-05-25,0.0018035012752887377
2021-05-26,0.005572560359068303
2021-05-27,0.0004344568870361774
2021-05-28,0.005147590220081521
2021-06-01,-0.00030241854569242353
2021-06-02,0.005061193711745168
2021-06-03,-0.009728941570207383
2021-06-04,0.021653460701652208
2021-06-07,0.0068186234092982075
2021-06-08,-0.0029822727605141428
2021-06-09,-0.0010395162904627473
2021-06-10,0.009632719389732598
2021-06-11,0.0035270353234023682
2021-06-14,0.009275304413893043
2021-06-15,-0.005358070778983055
2021-06-16,-0.0041568786499453555
2021-06-17,0.016729419658496947
2021-06-18,-0.009375196317156676
2021-06-21,0.005586117718034395
2021-06-22,0.012671611824620593
2021-06-23,0.001501267227851239
2021-06-24,0.0038123059369997493
2021-06-25,-0.004125643986004968
2021-06-28,0.019105742086365854
2021-06-29,0.0006439609361639841
2021-06-30,-0.002812182704668027
2021-07-01,0.005938233564950373
2021-07-02,0.013999000510767232
2021-07-06,0.006899219446236297
2021-07-07,-0.0003687792519995414
2021-07-08,-0.00980262417316875
2021-07-09,0.005484891814562583
2021-07-12,0.0068584523310670255
2021-07-13,-0.0021404957008441805
2021-07-14,-0.0024812368074581875
2021-07-15,-0.013578969160624786
2021-07-16,-0.01244277718710035
2021-07-19,-0.007614161257438873
2021-07-20,0.010570156484515486
2021-07-21,0.013393589778220917
2021-07-22,0.009196837366938278
2021-07-23,0.01841847678472178
2021-07-26,0.0015459616984148886
2021-07-27,-0.010613179578526716
2021-07-28,0.009710154735191613
2021-07-29,-0.004956657925672159
2021-07-30,-0.013250935521210927
2021-08-02,2.9842470800389096e-06
2021-08-03,0.005541319933480583
2021-08-04,0.005064195169388157
2021-08-05,0.009133192717755733
2021-08-06,-0.00323564948338419
2021-08-09,-0.00047579290505560755
2021-08-10,-0.004883108418925693
2021-08-11,-0.002292229177380844
2021-08-12,0.00822351269165559
2021-08-13,0.0054325221609701595
2021-08-16,0.003528655716328418
2021-08-17,-0.012446238150619642
2021-08-18,-0.01324653905653982
2021-08-19,0.010212882056334133
2021-08-20,0.01884667743311125
2021-08-23,0.01708558709412907
2021-08-24,0.0005192232877637812
2021-08-25,0.003698249565311024
2021-08-26,-0.007136869749713193
2021-08-27,0.013627219614942062
2021-08-30,0.012725408532974854
2021-08-31,-0.004764967353348465
2021-09-01,0.0029106142948702157
2021-09-02,-0.003939607579718928
2021-09-03,0.004995412556911962
2021-09-07,0.0075986370554763346
2021-09-08,-0.006880448953619624
2021-09-09,-0.004514998154916985
2021-09-10,-0.008179414434937578
2021-09-13,-0.00010782837460233765
2021-09-14,-0.00014854765686998225
2021-09-15,0.006973570549670807
2021-09-16,-0.0019653274615841145
2021-09-17,-0.01564517803717961
2021-09-20,-0.024568608918128287
2021-09-21,0.004237141346703972
2021-09-22,0.0069733298567348665
2021-09-23,0.008861480584302897
2021-09-24,0.00428998051560395
2021-09-27,-0.0055589824766859005
2021-09-28,-0.03269436295955088
2021-09-29,-0.0016268768081644516
2021-09-30,-0.003389065455186389
2021-10-01,0.010556259794564458
2021-10-04,-0.02582079373716237
2021-10-05,0.017340995962413196
2021-10-06,0.008335812954864961
2021-10-07,0.011039481320362676
2021-10-08,-0.003679782119896942
2021-10-11,-0.003074158676176081
2021-10-12,-0.006604979705351656
2021-10-13,0.006294338370654519
2021-10-14,0.020517186698837814
2021-10-15,0.006086986938012369
2021-10-18,0.016749505909858436
2021-10-19,0.004397716497531083
2021-10-20,-0.0023621747528802814
2021-10-21,0.011884160828539398
2021-10-22,-0.011767655907397987
2021-10-25,0.023830265750944487
2021-10-26,0.01309616066101004
2021-10-27,0.014325814591774427
2021-10-28,0.015093221228877561
2021-10-29,0.012665336158404936
2021-11-01,0.008436342855570142
2021-11-02,0.0046048484505470735
2021-11-03,0.011669508365553239
2021-11-04,0.02441604051637713
2021-11-05,0.0002348928546744626
2021-11-08,-0.0023156387745846808
2021-11-09,-0.02048735838300584
2021-11-10,-0.010648978676892702
2021-11-11,0.005101550767382388
2021-11-12,0.0051541489241846445
2021-11-15,-0.005235849842611382
2021-11-16,0.010368562090186684
2021-11-17,0.002773529050291096
2021-11-18,0.02207830153993079
2021-11-19,0.01474987133340017
2021-11-22,-0.010434577972870755
2021-11-23,-0.009003487119116742
2021-11-24,0.006990618666305337
2021-11-26,-0.027865238919673567
2021-11-29,0.030536618275131357
2021-11-30,-0.008007986700007836
2021-12-01,-0.017631341186987566
2021-12-02,0.0035040916500085726
2021-12-03,-0.026383188269919162
2021-12-06,0.004102950528049986
2021-12-07,0.03778881143262837
2021-12-08,0.004965374139777252
2021-12-09,-0.020370664209981026
2021-12-10,0.011853964075673877
2021-12-13,-0.027702685605454712
2021-12-14,-0.010661496785142967
2021-12-15,0.028341522819890688
2021-12-16,-0.035415361611250994
2021-12-17,-0.008345589561118492
2021-12-20,-0.011423120730855952
2021-12-21,0.02683551574349807
2021-12-22,0.02354328890369446
2021-12-23,0.013255819055449505
2021-12-27,0.021970926139692072
2021-12-28,-0.007204066736796032
2021-12-29,-0.0014495567558975447
2021-12-30,-0.007624186122802181
2021-12-31,-0.007244524389291503
2022-01-03,0.02871872279050735
2022-01-04,-0.017650869942599755
2022-01-05,-0.04063274421577875
2022-01-06,-0.004101835926112307
2022-01-07,-0.012604327893182611
2022-01-10,0.0071767343182921085
2022-01-11,0.009997288342030026
2022-01-12,0.011381014633253007
2022-01-13,-0.03515427594146003
2022-01-14,0.00971471530312565
2022-01-18,-0.02418324368874455
2022-01-19,-0.01649808491996148
2022-01-20,-0.012856873714297487
2022-01-21,-0.026792814636106933
2022-01-24,-0.0011694498965279998
2022-01-25,-0.023147616921486636
2022-01-26,0.012405169975931319
2022-01-27,-0.02442361399407132
2022-01-28,0.03515115354384537
2022-01-31,0.039373605681175754
2022-02-01,0.003108044608562565
2022-02-02,0.01631333072772201
2022-02-03,-0.03150262503214906
2022-02-04,0.011926350939026664
2022-02-07,-0.008767417107514611
2022-02-08,0.011793764211218463
2022-02-09,0.022112707577612627
2022-02-10,-0.025599683002708276
2022-02-11,-0.036434229884013875
2022-02-14,0.005930842495652946
2022-02-15,0.03355061473230353
2022-02-16,0.0021748857549543366
2022-02-17,-0.03926585377306302
2022-02-18,-0.016414458765263262
2022-02-22,-0.015370416826233147
2022-02-23,-0.03509294197162515
2022-02-24,0.038458371457681204
2022-02-25,0.014268197136933386
2022-02-28,0.014103861336596578
2022-03-01,-0.015349226029005776
2022-03-02,0.018060587708685738
2022-03-03,-0.01553264509975215
2022-03-04,-0.015965704241293743
2022-03-07,-0.04083793996825478
2022-03-08,0.0006906179979057584
2022-03-09,0.043007558720352765
2022-03-10,-0.014531975342507851
2022-03-11,-0.02505948941915691
2022-03-14,-0.02446488909715142
2022-03-15,0.03832304282074194
2022-03-16,0.03634974697617048
2022-03-17,0.012278919332514928
2022-03-18,0.027679729605500258
2022-03-21,0.004486922573353535
2022-03-22,0.023838198529000206
2022-03-23,-0.009973916043473549
2022-03-24,0.02823425655849713
2022-03-25,-0.0010571202155436833
2022-03-28,0.02118461668467155
2022-03-29,0.013123533533306166
2022-03-30,-0.011017851789743544
2022-03-31,-0.016576891820904483
2022-04-01,-0.0004984080821845879
2022-04-04,0.024360970492935327
2022-04-05,-0.026690256718378203
2022-04-06,-0.033018266479017386
2022-04-07,0.001795045774080295
2022-04-08,-0.020104954004319237
2022-04-11,-0.034908725460529824
2022-04-12,-0.003147972039760905
2022-04-13,0.021895040639936768
2022-04-14,-0.02856943075648883
2022-04-18,0.007567614336552162
2022-04-19,0.018420667658452853
2022-04-20,-0.015805599071888204
2022-04-21,-0.0171599275302321
2022-04-22,-0.02594853517852144
2022-04-25,0.012190508483537652
2022-04-26,-0.05088475018850199
2022-04-27,0.0012840770156798183
2022-04-28,0.028344180228490664
2022-04-29,-0.05135813755536435
2022-05-02,0.015301667586763462
2022-05-03,0.0026329832472112057
2022-05-04,0.032710991051754665
2022-05-05,-0.056617919618268106
2022-05-06,-0.006712092926563644
2022-05-09,-0.04532089870653568
2022-05-10,0.012330780325132264
2022-05-11,-0.036888328294193466
2022-05-12,-0.008331970267006295
2022-05-13,0.042363676535686075
2022-05-16,-0.015136378854580109
2022-05-17,0.02936725406834805
2022-05-18,-0.055940262520385024
2022-05-19,-0.005124057095908483
2022-05-20,-0.010229437664008781
2022-05-23,0.019091822907781563
2022-05-24,-0.036572392796057104
2022-05-25,0.019023246887652903
2022-05-26,0.03398087175420854
2022-05-27,0.03809394881112937
2022-05-31,0.0023677088793272474
2022-06-01,-0.007723483245689558
2022-06-02,0.03340374900908124
2022-06-03,-0.036937935742630046
2022-06-06,0.00933758371481563
2022-06-07,0.006136639855467178
2022-06-08,-0.004696792439769059
2022-06-09,-0.030958450428208856
2022-06-10,-0.042209771701968955
2022-06-13,-0.054369566522898
2022-06-14,0.0041333221823851825
2022-06-15,0.03308914151075348
2022-06-16,-0.045794761639404484
2022-06-17,0.013770549275500183
2022-06-21,0.02932679117699806
2022-06-22,-0.0035281487640170064
2022-06-23,0.01255883664843684
2022-06-24,0.041798786217205924
2022-06-27,-0.010029790805768744
2022-06-28,-0.03983978953944794
2022-06-29,0.0015602499108078695
2022-06-30,-0.017917006131988704
2022-07-01,0.00403708288032292
2022-07-05,0.025770053916156624
2022-07-06,0.007280454173525508
2022-07-07,0.02636941308308851
2022-07-08,0.0018770430730420792
2022-07-11,-0.031440726608603246
2022-07-12,-0.010877255004015741
2022-07-13,-0.00026775539793971455
2022-07-14,0.0006679992080983638
2022-07-15,0.01904102691928507
2022-07-18,-0.003437249851325782
2022-07-19,0.034438702666628615
2022-07-20,0.020149980225154372
2022-07-21,0.01983171850431426
2022-07-22,-0.027072157774707128
2022-07-25,-0.00875243628046462
2022-07-26,-0.028402524042349202
2022-07-27,0.05435061804625398
2022-07-28,0.006229411960361263
2022-07-29,0.028580674639687265
2022-08-01,-0.004654877310383496
2022-08-02,-0.00406712904621478
2022-08-03,0.029415522963106372
2022-08-04,0.006705944996818226
2022-08-05,-0.01483922241802329
2022-08-08,-0.002932486156278374
2022-08-09,-0.011321347362175611
2022-08-10,0.03464148365913848
2022-08-11,-0.008781684057561853
2022-08-12,0.02478859963005738
2022-08-15,0.008292206527567904
2022-08-16,-0.000789833792117486
2022-08-17,-0.007684006074696282
2022-08-18,3.129448269390859e-05
2022-08-19,-0.01929585351603631
2022-08-22,-0.02667002952474032
2022-08-23,0.001998848342164371
2022-08-24,0.001205434893305431
2022-08-25,0.014552011464261924
2022-08-26,-0.0400505779364518
2022-08-29,-0.00981274643499607
2022-08-30,-0.013343570335896612
2022-08-31,-0.005192335337022476
2022-09-01,-0.003298969472766806
2022-09-02,-0.016924107051491437
2022-09-06,-0.006650114134375876
2022-09-07,0.019798520607588164
2022-09-08,0.004948491941382115
2022-09-09,0.02575957882620716
2022-09-12,0.015890912741577435
2022-09-13,-0.059550612971599436
2022-09-14,0.00962351633138287
2022-09-15,-0.015403065845643254
2022-09-16,-0.0077007754812834055
2022-09-19,0.010365611152986157
2022-09-20,-0.006874106583919722
2022-09-21,-0.02090190115039462
2022-09-22,-0.012393346984923392
2022-09-23,-0.019228673457623545
2022-09-26,-0.006334478260327348
2022-09-27,0.001391402634730069
2022-09-28,0.02209680296753834
2022-09-29,-0.03534112634474065
2022-09-30,-0.01553675339868392
2022-10-03,0.015126901935430466
2022-10-04,0.031776137804400924
2022-10-05,-0.004839607795093574
2022-10-06,-0.006292451899929329
2022-10-07,-0.046886939269243644
2022-10-10,-0.009409144178128067
2022-10-11,-0.0159395973370309
2022-10-12,-0.0009795731301346588
2022-10-13,0.023678296044064823
2022-10-14,-0.039489604589317065
2022-10-17,0.044882045322906336
2022-10-18,0.007185060858096575
2022-10-19,-0.0024698723898200674
2022-10-20,-0.008992573858676429
2022-10-21,0.021134806135412982
2022-10-24,0.007823112772031297
2022-10-25,0.028571012869501977
2022-10-26,-0.03762384483374825
2022-10-27,-0.04139256839747749
2022-10-28,0.024593309281053768
2022-10-31,-0.01880148414729429
2022-11-01,-0.013491618605416814
2022-11-02,-0.039468300954298964
2022-11-03,-0.019223262976659165
2022-11-04,0.017387614802836616
2022-11-07,0.010637502645478846
2022-11-08,0.0009833598991059508
2022-11-09,-0.026208719813110435
2022-11-10,0.08691077589873646
2022-11-11,0.022855733620624565
2022-11-14,-0.012146244680287759
2022-11-15,0.01228098132179002
2022-11-16,-0.018042175713637802
2022-11-17,-0.00531960681909533
2022-11-18,-0.0036754043723988996
2022-11-21,-0.010428724426822761
2022-11-22,0.017791176383668415
2022-11-23,0.012445946929157606
2022-11-25,-0.008603010123426213
2022-11-28,-0.01784444035691525
2022-11-29,-0.0090094011528429
2022-11-30,0.05730425365567297
2022-12-01,0.0024553667598768247
2022-12-02,-0.0017795155357302431
2022-12-05,-0.019846088092863878
2022-12-06,-0.023230747372228768
2022-12-07,-0.007681123289135804
2022-12-08,0.013955566299615894
2022-12-09,-0.0023556734239758154
2022-12-12,0.017571092802639705
2022-12-13,0.016706719294899402
2022-12-14,-0.009691284570176525
2022-12-15,-0.037454617349446134
2022-12-16,-0.01310803173736169
2022-12-19,-0.017765170180116436
2022-12-20,0.0005910088767804705
2022-12-21,0.016166006294978965
2022-12-22,-0.030719656629347204
2022-12-23,0.0023500493205532735
2022-12-27,-0.03174588814680403
2022-12-28,-0.015048799579634708
2022-12-29,0.02754519008677598
2022-12-30,-0.0013323013392970812
2023-01-03,-0.006819692976768588
2023-01-04,-0.0011442303988930562
2023-01-05,-0.020816956727516198
2023-01-06,0.025927766099535086
2023-01-09,0.016444520932637898
2023-01-10,0.013453284084518334
2023-01-11,0.02141610315200213
2023-01-12,0.010883484331904756
2023-01-13,0.011720470813812467
2023-01-17,0.004809736347998005
2023-01-18,-0.011995642907678255
2023-01-19,-0.010991909045907869
2023-01-20,0.03587352417280338
2023-01-23,0.029298072010821883
2023-01-24,-0.002199044691719309
2023-01-25,-0.006393030061390543
2023-01-26,0.022580979551527734
2023-01-27,0.014009727294628764
2023-01-30,-0.027583142771568956
2023-01-31,0.015673178139183796
2023-02-01,0.025236476517453497
2023-02-02,0.06563840989705028
2023-02-03,-0.012986148908814032
2023-02-06,-0.00808142822960973
2023-02-07,0.030583600396376708
2023-02-08,-0.021534455181988942
2023-02-09,-0.01351335360020817
2023-02-10,-0.011473339411521299
2023-02-13,0.019746568599866145
2023-02-14,0.00909047473953396
2023-02-15,0.0016111383933524006
2023-02-16,-0.02115787097019189
2023-02-17,-0.009976374811270294
2023-02-21,-0.02249857057585327
2023-02-22,-0.0006225276859091809
2023-02-23,0.025232613128941053
2023-02-24,-0.015997566288153978
2023-02-27,0.004841392002755775
2023-02-28,0.0014578801261032268
2023-03-01,-0.0101858959220464
2023-03-02,0.012736865792188244
2023-03-03,0.027592025174785706
2023-03-06,0.003159719798690153
2023-03-07,-0.011289707889780416
2023-03-08,0.008488760459576536
2023-03-09,-0.017912437091807173
2023-03-10,-0.015334455763720096
2023-03-13,0.00777098355733667
2023-03-14,0.03273660959912968
2023-03-15,0.0090571221412255
2023-03-16,0.03287569958520007
2023-03-17,-0.005995518763764712
2023-03-20,0.0027354360059375724
2023-03-21,0.015320406455970905
2023-03-22,-0.008498368977524524
2023-03-23,0.016340936287306894
2023-03-24,0.002701922803991769
2023-03-27,-0.012231103382839007
2023-03-28,-0.006101244810479536
2023-03-29,0.017709417545309258
2023-03-30,0.009174096553499973
2023-03-31,0.01698501784007406
2023-04-03,0.0032212990066764523
2023-04-04,-0.003098289395786814
2023-04-05,-0.010738103077900274
2023-04-06,0.014077281340039665
2023-04-10,-0.003230280175018449
2023-04-11,-0.00939252882239136
2023-04-12,-0.006553607584617033
2023-04-13,0.020134010924400706
2023-04-14,0.0009035003578866134
2023-04-17,-0.0010029622083281588
2023-04-18,0.0026440528807744556
2023-04-19,0.000604184758398684
2023-04-20,-0.009306256097067027
2023-04-21,-0.001311688241147596
2023-04-24,-0.0019370469919977693
2023-04-25,-0.020351590931127494
2023-04-26,0.01628400996843731
2023-04-27,0.04138216104284467
2023-04-28,0.008348760983552334
2023-05-01,0.006609342405354323
2023-05-02,-0.012207539912011874
2023-05-03,-0.006586011500184937
2023-05-04,-0.006792414462838166
2023-05-05,0.020944118634118596
2023-05-08,0.005390221838920572
2023-05-09,-0.006027907478104228
2023-05-10,0.016607033501290197
2023-05-11,0.007984844311923357
2023-05-12,-0.0056602694139010375
2023-05-15,0.006805566087555004
2023-05-16,0.008348101596320141
2023-05-17,0.014446388974966971
2023-05-18,0.021838362205347538
2023-05-19,-0.005427987145019056
2023-05-22,0.003647165280394814
2023-05-23,-0.012579873049985821
2023-05-24,-0.0002473904840739937
2023-05-25,0.04849054169764323
2023-05-26,0.02549866517179778
2023-05-30,0.006529508481804915
2023-05-31,-0.011792380458914486
2023-06-01,0.020929979498289154
2023-06-02,0.003965226545946117
2023-06-05,0.0007867288288832188
2023-06-06,-0.00035120854796140167
2023-06-07,-0.028662148072896704
2023-06-08,0.012149591674857197
2023-06-09,0.0071772803001614325
2023-06-12,0.018790955129799232
2023-06-13,0.01243117531588912
2023-06-14,0.008427554343098323
2023-06-15,0.011281095532290186
2023-06-16,-0.004498931768162744
2023-06-20,0.011533751728298647
2023-06-21,-0.01921620834593168
2023-06-22,0.01820631254089205
2023-06-23,-0.009336232003621311
2023-06-26,-0.030074217649127592
2023-06-27,0.02182213739331563
2023-06-28,0.0028913846667462523
2023-06-29,-0.004042106591218175
2023-06-30,0.020955992885028227
2023-07-03,0.007983923086184782
2023-07-05,0.004816738505346999
2023-07-06,-0.006476092131991342
2023-07-07,-0.0018114380313297297
2023-07-10,-0.009031659021340585
2023-07-11,0.005327486804135534
2023-07-12,0.018989005835333698
2023-07-13,0.020847735790965025
2023-07-14,-0.00030587360269635714
2023-07-17,0.011347066035639156
2023-07-18,0.0096378468835611
2023-07-19,0.0004608072504309725
2023-07-20,-0.04008738480213448
2023-07-21,-0.012333455606467637
2023-07-24,0.004866362019294763
2023-07-25,0.007211090397964569
2023-07-26,-0.005637845508955322
2023-07-27,-0.0010676565580687556
2023-07-28,0.027430016185714414
2023-07-31,-0.002028359954397176
2023-08-01,-0.004466690887618862
2023-08-02,-0.028140583115673738
2023-08-03,0.001708439833411779
2023-08-04,-0.011402587153259527
2023-08-07,0.0062067064779154565
2023-08-08,-0.01089583817452452
2023-08-09,-0.022499370261415644
2023-08-10,0.002934675501978991
2023-08-11,-0.010803756694658913
2023-08-14,0.019014725986331735
2023-08-15,-0.012762986321101929
2023-08-16,-0.016190376192842006
2023-08-17,-0.009908936838094934
2023-08-18,-0.004927123542500882
2023-08-21,0.024390819236975142
2023-08-22,-0.004158973899864013
2023-08-23,0.01992941472411927
2023-08-24,-0.019925267022631938
2023-08-25,0.00126977264586751
2023-08-28,0.008639768353221708
2023-08-29,0.023661926607262816
2023-08-30,0.004572620481816605
2023-08-31,0.004348251494471613
2023-09-01,-0.009298809453393246
2023-09-05,0.010452053139167174
2023-09-06,-0.01254606891205606
2023-09-07,-0.0015270109511962158
2023-09-08,-0.0005719051211798504
2023-09-11,0.027042021192518296
2023-09-12,-0.014906497059415246
2023-09-13,0.013478961487007857
2023-09-14,0.009550941425042814
2023-09-15,-0.022898391465306124
2023-09-18,-0.0034452286868398036
2023-09-19,-0.0027376718061457154
2023-09-20,-0.021281312406378514
2023-09-21,-0.02329137063379447
2023-09-22,-0.0037708064205239796
2023-09-25,0.008699878489543265
2023-09-26,-0.016826834924731363
2023-09-27,0.0020090525961304
2023-09-28,0.012472990216889763
2023-09-29,0.0024033636604095516
2023-10-02,0.01810800965174495
2023-10-03,-0.0230854659649742
2023-10-04,0.022505654868982948
2023-10-05,-0.0005607325331351319
2023-10-06,0.01908866001832572
2023-10-09,0.0021043243897483498
2023-10-10,0.007066874573887619
2023-10-11,0.013567155016839617
2023-10-12,-0.005665900787426785
2023-10-13,-0.021382833680792485
2023-10-16,0.015010323882907002
2023-10-17,-0.006379991497286417
2023-10-18,-0.02493451961110902
2023-10-19,-0.017361869242378907
2023-10-20,-0.020042893502422304
2023-10-23,0.012521780534116676
2023-10-24,0.011209473683179741
2023-10-25,-0.036706078379109955
2023-10-26,-0.028830239649971032
2023-10-27,0.01739599664190791
2023-10-30,0.011364641738775631
2023-10-31,0.0013633281034090105
2023-11-01,0.026726037238498545
2023-11-02,0.01811397647143292
2023-11-03,0.013438979656840619
2023-11-06,0.006751243256405951
2023-11-07,0.010631086034099539
2023-11-08,0.003924685803029118
2023-11-09,-0.011881503365260365
2023-11-10,0.0233458693657036
2023-11-13,0.004324987980837655
2023-11-14,0.024549488215514784
2023-11-15,-0.002255445764222154
2023-11-16,0.0008582552513639082
2023-11-17,-0.0009212911035884921
2023-11-20,0.012913008319256559
2023-11-21,-0.004570392852751548
2023-11-22,-0.0002155110547011034
2023-11-24,-0.005301417431267216
2023-11-27,0.0014395318530372849
2023-11-28,0.009210866487622354
2023-11-29,-0.007597551295518768
2023-11-30,-0.011524779320106102
2023-12-01,-0.002727675624687528
2023-12-04,-0.01479706795289848
2023-12-05,0.00848747559248058
2023-12-06,-0.00902227610216936
2023-12-07,0.015353773832343284
2023-12-08,0.009795247697522666
2023-12-11,-0.010986416743692697
2023-12-12,0.010936794629371943
2023-12-13,0.006288530617692345
2023-12-14,-0.0052372444629366684
2023-12-15,0.0070536149366457745
2023-12-18,0.012980346251295186
2023-12-19,0.003200962128163595
2023-12-20,-0.009524360772632225
2023-12-21,0.012549148503078937
2023-12-22,0.0007884642089858141
2023-12-26,0.0033777396754925233
2023-12-27,0.0006491962514630898
2023-12-28,0.0008616179069358942
2023-12-29,-0.004456525090226445
2024-01-02,-0.01626183259419791
2024-01-03,-0.00583292590094205
2024-01-04,-0.006358674795081139
2024-01-05,0.005707236805778911
2024-01-08,0.026914607603996492
2024-01-09,0.0071491477060257975
2024-01-10,0.016863389401493557
2024-01-11,0.003170646213302255
2024-01-12,0.0033459920128124697
2024-01-16,0.0004943754453773715
2024-01-17,-0.004723387401599949
2024-01-18,0.014487482533615866
2024-01-19,0.019860157216026846
2024-01-22,-0.0015925826805617224
2024-01-23,0.0059738459569206905
2024-01-24,0.010642955662495837
2024-01-25,0.007173931561663276
2024-01-26,-0.000812895731863387
2024-01-29,0.013840688578135585
2024-01-30,-0.005227528106045857
2024-01-31,-0.030612787742734404
2024-02-01,0.015800970494750797
2024-02-02,0.05579234649367185
2024-02-05,-0.0002839185215620813
2024-02-06,-0.004654166077447505
2024-02-07,0.01706473825249098
2024-02-08,-0.0008406596482875291
2024-02-09,0.015507413471613043
2024-02-12,-0.004865167695116801
2024-02-13,-0.015831744311422025
2024-02-14,0.014891872248563363
2024-02-15,-0.0019181723915598753
2024-02-16,-0.008313814016943045
2024-02-20,-0.011246123580089317
2024-02-21,-0.0036358626943987457
2024-02-22,0.046726574207499226
2024-02-23,-0.0006855540758873327
2024-02-26,-0.0065222780884564594
2024-02-27,0.0014548734347744597
2024-02-28,-0.005968887100527135
2024-02-29,0.013247943568107387
2024-03-01,0.014251834574659573
2024-03-04,-4.7829867876540794e-05
2024-03-05,-0.013266175530584873
2024-03-06,0.006555328539849454
2024-03-07,0.022837780338008772
2024-03-08,-0.014880335232291339
2024-03-11,-0.012260656586283173
2024-03-12,0.026729392908962955
2024-03-13,-0.0024588959574001973
2024-03-14,0.0012161440624653941
2024-03-15,-0.013531101457563617
2024-03-18,0.01226950074346906
2024-03-19,0.004816750787106496
2024-03-20,0.011972493658651715
2024-03-21,0.0043181271129079405
2024-03-22,0.00760970546468973
2024-03-25,-0.0035839219109996597
2024-03-26,-0.00798407290425858
2024-03-27,-0.0012504333017055802
2024-03-28,-0.002404939706795751
2024-04-01,0.006710436660270554
2024-04-02,-0.0038696397375583428
2024-04-03,0.003807388514814225
2024-04-04,-0.013876268829655019
2024-04-05,0.0198994194165558
2024-04-08,-0.0023602911604037294
2024-04-09,-0.0009005823541341863
2024-04-10,-0.00013344187018184472
2024-04-11,0.016757280018153044
2024-04-12,-0.017350685686831905
2024-04-15,-0.018433088463240065
2024-04-16,0.0018607889018456287
2024-04-17,-0.012240087576301392
2024-04-18,-0.0018333855515064977
2024-04-19,-0.033147335887253424
2024-04-22,0.013864854013509035
2024-04-23,0.019472325048540438
2024-04-24,-0.006739728471248051
2024-04-25,-0.01989682005571548
2024-04-26,0.03124128141844273
2024-04-29,-0.007455398106912551
2024-04-30,-0.0206471651037149
2024-05-01,0.001550688766053933
2024-05-02,0.017081648663474867
2024-05-03,0.017388497088516322
2024-05-06,0.017713641962364836
2024-05-07,0.00027013508923823276
2024-05-08,-0.0008653602348271429
2024-05-09,0.0014650856027509057
2024-05-10,0.0005333623027848408
2024-05-13,-0.001886949127913925
2024-05-14,0.0065998448550521685
2024-05-15,0.01533226083676682
2024-05-16,-0.004591213637314584
2024-05-17,-0.0009602084733479726
2024-05-20,0.004970952429191663
2024-05-21,0.0016078708173476379
2024-05-22,-0.0010441444420272324
2024-05-23,0.0066158675147011655
2024-05-24,0.011927309557296635
2024-05-28,0.013980596431358875
2024-05-29,-0.003442206787378522
2024-05-30,-0.01959205011440716
2024-05-31,-0.0021255481418213603
2024-06-03,0.013412796904289532
2024-06-04,0.004274461507155146
2024-06-05,0.022886282198132848
2024-06-06,0.002103579218658957
2024-06-07,-0.003355732558022918
2024-06-10,0.008920855585072426
2024-06-11,0.00440066436389307
2024-06-12,0.011512646681863824
2024-06-13,0.00043970271030404284
2024-06-14,0.005155900717834422
2024-06-17,0.0050038454012663516
2024-06-18,-6.549198154034819e-05
2024-06-20,-0.002562480127780103
2024-06-21,-0.000831435099607229
2024-06-24,-0.014752634331580843
2024-06-25,0.021260735845871976
2024-06-26,0.0076390421823558366
2024-06-27,0.004315440783255589
2024-06-28,-0.01433115089756756
2024-07-01,0.009139099526210321
2024-07-02,0.006500402376757008
2024-07-03,0.007807294522934419
2024-07-05,0.017313156341118397
2024-07-08,-0.0013063935780175194
2024-07-09,0.0022561995820079258
2024-07-10,0.013353171974164668
2024-07-11,-0.03229816101396007
2024-07-12,-0.0006034840166201122
2024-07-15,0.0010254144881777468
2024-07-16,-0.006899495197056018
2024-07-17,-0.03508187682067381
2024-07-18,-0.002224046890435484
2024-07-19,-0.006021892323792702
2024-07-22,0.021514398452794344
2024-07-23,0.002468532284935425
2024-07-24,-0.05752585249424594
2024-07-25,-0.00893987529443257
2024-07-26,0.00989217511015891
2024-07-29,0.008629109999492538
2024-07-30,-0.018834457210881218
2024-07-31,0.038369271960605286
2024-08-01,-0.019804905383555282
2024-08-02,-0.029983687992725366
2024-08-05,-0.043600103846159116
2024-08-06,0.01104664859799842
2024-08-07,-0.015662299434437917
2024-08-08,0.03247709767561403
2024-08-09,0.007683221176776752
2024-08-12,0.0037939959469951226
2024-08-13,0.028718504767583742
2024-08-14,-0.005376187212610663
2024-08-15,0.02622964982412592
2024-08-16,0.003156405492099293
2024-08-19,0.016678641418776136
2024-08-20,-0.004326691646897078
2024-08-21,0.004432342090418132
2024-08-22,-0.021512836003895298
2024-08-23,0.01920152781161492
2024-08-26,-0.01089940488046175
2024-08-27,-0.001195698342331579
2024-08-28,-0.010831814885548423
2024-08-29,-0.007941699322152933
2024-08-30,0.011078405434177662
2024-09-03,-0.03658808516915141
2024-09-04,0.0010652890838136562
2024-09-05,0.011075990908839563
2024-09-06,-0.036286809729060225
2024-09-09,0.011747437112891074
2024-09-10,0.01251476551245849
2024-09-11,0.023161466659253276
2024-09-12,0.011413384251656316
2024-09-13,0.00393902747042953
2024-09-16,-0.007627070543338286
2024-09-17,0.001417677430385255
2024-09-18,-0.0010064155525492777
2024-09-19,0.03505050115249996
2024-09-20,-0.004828601143417223
2024-09-23,0.006433667155016333
2024-09-24,0.01008092139064463
2024-09-25,0.004814217143251155
2024-09-26,0.0005544919436145569
2024-09-27,0.00013716740388530917
2024-09-30,0.00763016052128189
2024-10-01,-0.013711878684398304
2024-10-02,-0.0038494571214255577
2024-10-03,0.0014938527692877146
2024-10-04,0.01627083012731065
2024-10-07,-0.013879975154395355
2024-10-08,0.01755473704790437
2024-10-09,0.00019787858083420622
2024-10-10,-0.001302249505952986
2024-10-11,-0.010800964476452238
2024-10-14,0.010637511294024916
2024-10-15,-0.009060216018995218
2024-10-16,0.002624246235044571
2024-10-17,7.618224866533452e-05
2024-10-18,0.004613600491785256
2024-10-21,0.005520148214543966
2024-10-22,0.0010758301618279942
2024-10-23,-0.021682706855029
2024-10-24,0.03652360686510717
2024-10-25,0.009710991450881796
2024-10-28,-0.0021106565800825838
2024-10-29,0.006084661076389941
2024-10-30,-0.0073168666530272096
2024-10-31,-0.033784424553865836
2024-11-01,0.003078821368470908
2024-11-04,-0.007386533915942667
2024-11-05,0.019026360520004233
2024-11-06,0.03850203859799744
2024-11-07,0.02080065057170984
2024-11-08,0.010125525011561408
2024-11-11,0.007032952722066915
2024-11-12,-0.005429017049632791
2024-11-13,0.0004705782500459688
2024-11-14,-0.010109120728538453
2024-11-15,-0.019799924594915766
2024-11-18,0.00931992172686646
2024-11-19,0.015756514899963353
2024-11-20,-0.002490281831677747
2024-11-21,-0.00337593489303259
2024-11-22,0.00038174746905666774
2024-11-25,-0.0057806054995595945
2024-11-26,0.009198814105671185
2024-11-27,-0.008007702605248643
2024-11-29,0.014850973598116112
2024-12-02,0.015132775011496704
2024-12-03,0.00884072428269558
2024-12-04,0.013637790455924344
2024-12-05,0.004708605133272591
2024-12-06,0.014311153374935631
2024-12-09,-0.005839409524746463
2024-12-10,0.0007854523190063064
2024-12-11,0.022239143941020587
2024-12-12,-0.005978945361019598
2024-12-13,0.0020453008601819043
2024-12-16,0.021752115562285637
2024-12-17,0.0026936239398845626
2024-12-18,-0.04232330115146888
2024-12-19,0.0004674184011346922
2024-12-20,0.0007686244449843631
2024-12-23,0.015017092797888706
2024-12-24,0.021205096930149988
2024-12-26,-0.005001001991948797
2024-12-27,-0.018683141605267062
2024-12-30,-0.013336817703650007
